path,filename,ext,media_type,size_mb,filesystem_mtime,width,height,captured_at,lat,lon,sharpness,brightness,phash,quality_score,thumb_path,available_local,duration_s,error,date_source,year,country_code,country,city,admin1,location_source
C:\InstagramRebuild\SOURCE_INSTAGRAM\Instagram_01\Fotos en iCloud\01FBD663-94AA-4C9D-903A-EDDD0D15D921.jpg,01FBD663-94AA-4C9D-903A-EDDD0D15D921.jpg,.jpg,image,1.17,2026-09-05 00:48:10,1579.0,1579.0,2024-08-22 11:18:11,52.37671388888889,4.898386111111111,4965.206446850014,154.88804090739723,89c6b659786c3783,65.01694023403445,C:\InstagramRebuild\instagram_rebuild_mvp\data\thumbs\01FBD663-94AA-4C9D-903A-EDDD0D15D921_12162577.jpg,True,,,original_or_video,2024,NL,Países Bajos,Amsterdam,North Holland,gps
C:\InstagramRebuild\SOURCE_INSTAGRAM\Instagram_01\Fotos en iCloud\06EEFB07-D1AE-4DA9-93BD-3B1668AB372B.jpg,06EEFB07-D1AE-4DA9-93BD-3B1668AB372B.jpg,.jpg,image,2.124,2026-09-05 00:50:40,2312.0,2890.0,2024-03-14 10:56:18,-2.797005555555556,-40.51798611111112,1087.5964771927263,125.0887998046875,ca95ecb36870f1b0,76.38015972835011,C:\InstagramRebuild\instagram_rebuild_mvp\data\thumbs\06EEFB07-D1AE-4DA9-93BD-3B1668AB372B_94649270.jpg,True,,,original_or_video,2024,BR,Brasil,Camocim,Ceara,gps
C:\InstagramRebuild\SOURCE_INSTAGRAM\Instagram_01\Fotos en iCloud\076BB17B-4571-4C06-A0B7-ADF56ABBAE3B.jpg,076BB17B-4571-4C06-A0B7-ADF56ABBAE3B.jpg,.jpg,image,0.807,2026-09-05 00:44:50,1440.0,1920.0,2026-09-05 00:44:50,,,825.1629576336705,84.04102864583334,dfef02592136c88d,56.92406096682229,C:\InstagramRebuild\instagram_rebuild_mvp\data\thumbs\076BB17B-4571-4C06-A0B7-ADF56ABBAE3B_42363910.jpg,True,,,filesystem_fallback,2026,,,,,none
C:\InstagramRebuild\SOURCE_INSTAGRAM\Instagram_01\Fotos en iCloud\08272CA9-BCE9-4BDD-85E6-FB46C9F40BEF.jpg,08272CA9-BCE9-4BDD-85E6-FB46C9F40BEF.jpg,.jpg,image,1.32,2026-09-05 00:44:50,1440.0,1920.0,2026-09-05 00:44:50,,,3778.8448807774166,143.850403125,c926f8eac0ea61ea,67.22579490649606,C:\InstagramRebuild\instagram_rebuild_mvp\data\thumbs\08272CA9-BCE9-4BDD-85E6-FB46C9F40BEF_53707589.jpg,True,,,filesystem_fallback,2026,,,,,none
C:\InstagramRebuild\SOURCE_INSTAGRAM\Instagram_01\Fotos en iCloud\093B2273-D723-4F58-B2D7-943EFD9FCEB6.jpg,093B2273-D723-4F58-B2D7-943EFD9FCEB6.jpg,.jpg,image,1.028,2026-09-05 00:44:50,1440.0,1920.0,2026-09-05 00:44:50,,,1384.876684822185,109.23414166666667,9d9862ff18a6d823,62.80941642197591,C:\InstagramRebuild\instagram_rebuild_mvp\data\thumbs\093B2273-D723-4F58-B2D7-943EFD9FCEB6_27271909.jpg,True,,,filesystem_fallback,2026,,,,,none
C:\InstagramRebuild\SOURCE_INSTAGRAM\Instagram_01\Fotos en iCloud\0AA6259E-CE11-4B8D-B393-E77F17BAE010.jpg,0AA6259E-CE11-4B8D-B393-E77F17BAE010.jpg,.jpg,image,0.149,2026-09-05 00:43:28,750.0,1334.0,2026-09-05 00:43:28,,,147.89576436996404,100.53896351824088,888633da3d9b96b1,43.35294225445151,C:\InstagramRebuild\instagram_rebuild_mvp\data\thumbs\0AA6259E-CE11-4B8D-B393-E77F17BAE010_45832028.jpg,True,,,filesystem_fallback,2026,,,,,none
C:\InstagramRebuild\SOURCE_INSTAGRAM\Instagram_01\Fotos en iCloud\0B9CBFB9-D18A-40AE-B851-AB42C605F3CE.mov,0B9CBFB9-D18A-40AE-B851-AB42C605F3CE.mov,.mov,video,0.751,2026-09-05 00:41:46,,,2026-09-05 00:41:46,,,,,,35.0,,False,,ffprobe/ffmpeg no disponible o video no descargado: [WinError 2] El sistema no puede encontrar el archivo especificado,filesystem_fallback,2026,,,,,none
C:\InstagramRebuild\SOURCE_INSTAGRAM\Instagram_01\Fotos en iCloud\0D8E6B25-B940-464A-A77D-61CEC00B7077.jpg,0D8E6B25-B940-464A-A77D-61CEC00B7077.jpg,.jpg,image,0.771,2026-09-05 00:41:56,1620.0,2025.0,2024-08-23 19:35:58,37.44691111111111,25.326763888888888,496.7467194494704,149.55426123046874,85941fae6375d107,58.20287473420858,C:\InstagramRebuild\instagram_rebuild_mvp\data\thumbs\0D8E6B25-B940-464A-A77D-61CEC00B7077_24804918.jpg,True,,,original_or_video,2024,GR,Grecia,Mykonos,South Aegean,gps
C:\InstagramRebuild\SOURCE_INSTAGRAM\Instagram_01\Fotos en iCloud\0E68CD53-3D87-4CA3-8E49-5E9E2DB877F2.jpg,0E68CD53-3D87-4CA3-8E49-5E9E2DB877F2.jpg,.jpg,image,2.301,2026-09-05 00:45:00,3024.0,3780.0,2019-09-04 17:18:28,41.01756388888889,28.97487222222222,1052.1643837831014,123.1482841796875,fcc33c24b3ce1463,91.79496761532748,C:\InstagramRebuild\instagram_rebuild_mvp\data\thumbs\0E68CD53-3D87-4CA3-8E49-5E9E2DB877F2_11540335.jpg,True,,,original_or_video,2019,TR,Turquía,Eminoenue,Istanbul,gps
C:\InstagramRebuild\SOURCE_INSTAGRAM\Instagram_01\Fotos en iCloud\0F721E31-852C-49C5-B497-5616803792F3.jpg,0F721E31-852C-49C5-B497-5616803792F3.jpg,.jpg,image,0.968,2026-09-05 00:47:36,1320.0,2346.0,2025-09-14 17:42:41,,,602.8970676750344,118.24833680555555,94f0ca4b0fb6174e,60.307885174594304,C:\InstagramRebuild\instagram_rebuild_mvp\data\thumbs\0F721E31-852C-49C5-B497-5616803792F3_53917530.jpg,True,,,original_or_video,2025,,,,,none
C:\InstagramRebuild\SOURCE_INSTAGRAM\Instagram_01\Fotos en iCloud\107BCDC2-993D-4B53-8AFA-0D652C70AFB2.jpg,107BCDC2-993D-4B53-8AFA-0D652C70AFB2.jpg,.jpg,image,0.501,2026-09-05 00:41:32,1320.0,2346.0,2026-09-05 00:41:32,,,11.36939986558594,147.67510694444445,f0ac105bf199de68,37.02860262818066,C:\InstagramRebuild\instagram_rebuild_mvp\data\thumbs\107BCDC2-993D-4B53-8AFA-0D652C70AFB2_78780088.jpg,True,,,filesystem_fallback,2026,,,,,none
C:\InstagramRebuild\SOURCE_INSTAGRAM\Instagram_01\Fotos en iCloud\12C9CAB3-33DA-4005-951E-5317FC3D095E.jpg,12C9CAB3-33DA-4005-951E-5317FC3D095E.jpg,.jpg,image,0.183,2026-09-05 00:43:28,750.0,1334.0,2026-09-05 00:43:28,,,265.3327142035489,123.69138530734632,bcb4b21bf14ea191,49.35841685713609,C:\InstagramRebuild\instagram_rebuild_mvp\data\thumbs\12C9CAB3-33DA-4005-951E-5317FC3D095E_07448295.jpg,True,,,filesystem_fallback,2026,,,,,none
C:\InstagramRebuild\SOURCE_INSTAGRAM\Instagram_01\Fotos en iCloud\132F76EE-8572-40EC-9F86-D93F74BD2A47.jpg,132F76EE-8572-40EC-9F86-D93F74BD2A47.jpg,.jpg,image,0.731,2026-09-05 00:41:32,1440.0,1920.0,2026-09-05 00:41:32,,,574.5078920925001,96.113284375,800f89275ae957bb,56.31626051751473,C:\InstagramRebuild\instagram_rebuild_mvp\data\thumbs\132F76EE-8572-40EC-9F86-D93F74BD2A47_13531593.jpg,True,,,filesystem_fallback,2026,,,,,none
C:\InstagramRebuild\SOURCE_INSTAGRAM\Instagram_01\Fotos en iCloud\14CB2FCC-265B-417E-80C0-49FE608D6080.jpg,14CB2FCC-265B-417E-80C0-49FE608D6080.jpg,.jpg,image,2.871,2026-09-05 00:41:58,3024.0,3780.0,2019-09-04 12:44:05,41.00975,28.96653611111111,1654.801801316114,115.7058681640625,d6af0823aed91762,93.46117603550287,C:\InstagramRebuild\instagram_rebuild_mvp\data\thumbs\14CB2FCC-265B-417E-80C0-49FE608D6080_72573724.jpg,True,,,original_or_video,2019,TR,Turquía,Eminoenue,Istanbul,gps
C:\InstagramRebuild\SOURCE_INSTAGRAM\Instagram_01\Fotos en iCloud\15D0773A-5342-49AB-920E-9E4ACA404A8F.jpg,15D0773A-5342-49AB-920E-9E4ACA404A8F.jpg,.jpg,image,0.881,2026-09-05 00:50:30,1320.0,2346.0,2026-02-27 13:32:36,,,279.323332236099,128.88047777777777,9497fa4a7b2c9198,56.80247960946952,C:\InstagramRebuild\instagram_rebuild_mvp\data\thumbs\15D0773A-5342-49AB-920E-9E4ACA404A8F_82406913.jpg,True,,,original_or_video,2026,,,,,none
C:\InstagramRebuild\SOURCE_INSTAGRAM\Instagram_01\Fotos en iCloud\161ea3734a4a4990bd072c68986a257e.mov,161ea3734a4a4990bd072c68986a257e.mov,.mov,video,13.778,2026-09-05 00:41:32,,,2026-09-05 00:41:32,,,,,,35.0,,False,,ffprobe/ffmpeg no disponible o video no descargado: [WinError 2] El sistema no puede encontrar el archivo especificado,filesystem_fallback,2026,,,,,none
C:\InstagramRebuild\SOURCE_INSTAGRAM\Instagram_01\Fotos en iCloud\16dda318dddd48cca921be60b5e58803.mov,16dda318dddd48cca921be60b5e58803.mov,.mov,video,5.769,2026-09-05 00:47:32,,,2026-09-05 00:47:32,,,,,,35.0,,False,,ffprobe/ffmpeg no disponible o video no descargado: [WinError 2] El sistema no puede encontrar el archivo especificado,filesystem_fallback,2026,,,,,none
C:\InstagramRebuild\SOURCE_INSTAGRAM\Instagram_01\Fotos en iCloud\181BBB6C-DF70-44A0-825D-441F763EEF25.jpg,181BBB6C-DF70-44A0-825D-441F763EEF25.jpg,.jpg,image,0.849,2026-09-05 00:50:02,1284.0,2282.0,2024-12-23 14:56:56,,,909.0696953435762,122.63355625,e45cd0d3b8419f78,62.57729496212552,C:\InstagramRebuild\instagram_rebuild_mvp\data\thumbs\181BBB6C-DF70-44A0-825D-441F763EEF25_86651347.jpg,True,,,original_or_video,2024,,,,,none
C:\InstagramRebuild\SOURCE_INSTAGRAM\Instagram_01\Fotos en iCloud\1870681E-7733-4A3B-8434-CFCA73FCF486.jpg,1870681E-7733-4A3B-8434-CFCA73FCF486.jpg,.jpg,image,0.742,2026-09-05 00:50:30,1320.0,2346.0,2026-02-27 13:32:08,,,115.12688072421098,126.52397638888888,81efe025f0c29eae,52.01127082272839,C:\InstagramRebuild\instagram_rebuild_mvp\data\thumbs\1870681E-7733-4A3B-8434-CFCA73FCF486_77250038.jpg,True,,,original_or_video,2026,,,,,none
C:\InstagramRebuild\SOURCE_INSTAGRAM\Instagram_01\Fotos en iCloud\1AF1859E-10C2-4FDC-840A-71384B784175.jpg,1AF1859E-10C2-4FDC-840A-71384B784175.jpg,.jpg,image,0.734,2026-09-05 00:50:00,1440.0,1440.0,2026-09-05 00:50:00,,,10194.73269229239,99.12210889274692,8db9a9b878634743,63.619335695993726,C:\InstagramRebuild\instagram_rebuild_mvp\data\thumbs\1AF1859E-10C2-4FDC-840A-71384B784175_62673286.jpg,True,,,filesystem_fallback,2026,,,,,none
C:\InstagramRebuild\SOURCE_INSTAGRAM\Instagram_01\Fotos en iCloud\1E0A679B-9094-4672-A0A0-9641E5ADF595.jpg,1E0A679B-9094-4672-A0A0-9641E5ADF595.jpg,.jpg,image,2.621,2026-09-05 00:45:00,4032.0,3021.0,2019-09-02 06:34:12,38.63948055555556,34.84659444444445,1052.2714579229564,151.3651303169308,90ff781c03d36cb2,91.27029524233916,C:\InstagramRebuild\instagram_rebuild_mvp\data\thumbs\1E0A679B-9094-4672-A0A0-9641E5ADF595_26785058.jpg,True,,,original_or_video,2019,TR,Turquía,Goereme,Nevsehir,gps
C:\InstagramRebuild\SOURCE_INSTAGRAM\Instagram_01\Fotos en iCloud\21115f2b56c3468b9052b614a081d154.mov,21115f2b56c3468b9052b614a081d154.mov,.mov,video,3.183,2026-09-05 00:46:22,,,2026-09-05 00:46:22,,,,,,35.0,,False,,ffprobe/ffmpeg no disponible o video no descargado: [WinError 2] El sistema no puede encontrar el archivo especificado,filesystem_fallback,2026,,,,,none
C:\InstagramRebuild\SOURCE_INSTAGRAM\Instagram_01\Fotos en iCloud\214CE8E8-7FE5-4AFD-BEAE-E7DF1BB6D651.jpg,214CE8E8-7FE5-4AFD-BEAE-E7DF1BB6D651.jpg,.jpg,image,0.343,2026-09-05 00:41:28,1440.0,1920.0,2026-09-05 00:41:28,,,169.18673200387923,119.78521666666668,b4fb0dc63e18c135,52.25890168621464,C:\InstagramRebuild\instagram_rebuild_mvp\data\thumbs\214CE8E8-7FE5-4AFD-BEAE-E7DF1BB6D651_18617590.jpg,True,,,filesystem_fallback,2026,,,,,none
C:\InstagramRebuild\SOURCE_INSTAGRAM\Instagram_01\Fotos en iCloud\2197DCC1-E2DA-44AB-B82E-9F8D3B8B4373.jpg,2197DCC1-E2DA-44AB-B82E-9F8D3B8B4373.jpg,.jpg,image,0.892,2026-09-05 00:44:50,1440.0,1920.0,2026-09-05 00:44:50,,,734.4523798953987,129.14595208333333,b72079ff1e430741,61.09027367663624,C:\InstagramRebuild\instagram_rebuild_mvp\data\thumbs\2197DCC1-E2DA-44AB-B82E-9F8D3B8B4373_41200573.jpg,True,,,filesystem_fallback,2026,,,,,none
C:\InstagramRebuild\SOURCE_INSTAGRAM\Instagram_01\Fotos en iCloud\22827333-38F3-4931-BAE3-8BC6675FD29C.jpg,22827333-38F3-4931-BAE3-8BC6675FD29C.jpg,.jpg,image,1.12,2026-09-05 00:52:52,1440.0,1920.0,2026-09-05 00:52:52,,,2614.520699918118,94.81495364583331,98a26dbb23a5ccc9,64.6789705060568,C:\InstagramRebuild\instagram_rebuild_mvp\data\thumbs\22827333-38F3-4931-BAE3-8BC6675FD29C_52594307.jpg,True,,,filesystem_fallback,2026,,,,,none
C:\InstagramRebuild\SOURCE_INSTAGRAM\Instagram_01\Fotos en iCloud\22F23A0C-6A38-44A8-90E8-F49B8D5B7516.jpg,22F23A0C-6A38-44A8-90E8-F49B8D5B7516.jpg,.jpg,image,0.529,2026-09-05 00:44:48,1320.0,2346.0,2025-07-06 20:43:40,,,74.68715202255744,52.73601875,e09c3d678c19c7ca,40.88823601547092,C:\InstagramRebuild\instagram_rebuild_mvp\data\thumbs\22F23A0C-6A38-44A8-90E8-F49B8D5B7516_55912303.jpg,True,,,original_or_video,2025,CL,Chile,Vicuna,Coquimbo,time_inferred
C:\InstagramRebuild\SOURCE_INSTAGRAM\Instagram_01\Fotos en iCloud\248042EC-B319-4ED0-82B1-E75689357CD4.jpg,248042EC-B319-4ED0-82B1-E75689357CD4.jpg,.jpg,image,0.321,2026-09-05 00:50:34,1320.0,2346.0,2026-03-03 20:14:07,,,34.40900416666667,153.39797222222222,ec6e9391c6d9c464,42.26871381827192,C:\InstagramRebuild\instagram_rebuild_mvp\data\thumbs\248042EC-B319-4ED0-82B1-E75689357CD4_40390451.jpg,True,,,original_or_video,2026,,,,,none
C:\InstagramRebuild\SOURCE_INSTAGRAM\Instagram_01\Fotos en iCloud\26049C66-DCC5-4CFE-BAD0-61CABAB809F6.jpg,26049C66-DCC5-4CFE-BAD0-61CABAB809F6.jpg,.jpg,image,0.223,2026-09-05 00:43:28,1440.0,1787.0,2026-09-05 00:43:28,,,63.76976140460685,65.89845713731575,dc8c1363ad247771,39.82185086723705,C:\InstagramRebuild\instagram_rebuild_mvp\data\thumbs\26049C66-DCC5-4CFE-BAD0-61CABAB809F6_35373334.jpg,True,,,filesystem_fallback,2026,,,,,none
C:\InstagramRebuild\SOURCE_INSTAGRAM\Instagram_01\Fotos en iCloud\265B3679-8802-49C9-8246-0213CDABDBAA.jpg,265B3679-8802-49C9-8246-0213CDABDBAA.jpg,.jpg,image,0.453,2026-09-05 00:52:12,1320.0,1759.0,2026-05-28 05:27:10,,,35.79973817144529,77.9605084304746,909ee26bc46c69d5,37.22841942420947,C:\InstagramRebuild\instagram_rebuild_mvp\data\thumbs\265B3679-8802-49C9-8246-0213CDABDBAA_36922263.jpg,True,,,original_or_video,2026,,,,,none
C:\InstagramRebuild\SOURCE_INSTAGRAM\Instagram_01\Fotos en iCloud\26c42d114415461c9502bc7a6af61a39.mov,26c42d114415461c9502bc7a6af61a39.mov,.mov,video,3.527,2026-09-05 00:44:18,,,2026-09-05 00:44:18,,,,,,35.0,,False,,ffprobe/ffmpeg no disponible o video no descargado: [WinError 2] El sistema no puede encontrar el archivo especificado,filesystem_fallback,2026,,,,,none
C:\InstagramRebuild\SOURCE_INSTAGRAM\Instagram_01\Fotos en iCloud\29e22719049a4baeb58b75866f4d41e1.mov,29e22719049a4baeb58b75866f4d41e1.mov,.mov,video,5.904,2026-09-05 00:41:02,,,2026-09-05 00:41:02,,,,,,35.0,,False,,ffprobe/ffmpeg no disponible o video no descargado: [WinError 2] El sistema no puede encontrar el archivo especificado,filesystem_fallback,2026,,,,,none
C:\InstagramRebuild\SOURCE_INSTAGRAM\Instagram_01\Fotos en iCloud\2BFF368C-CE9E-463B-908D-D5F0ACCC035A.jpg,2BFF368C-CE9E-463B-908D-D5F0ACCC035A.jpg,.jpg,image,0.89,2026-09-05 00:52:12,1440.0,1791.0,2026-09-05 00:52:12,,,3019.818645508716,143.62141232503888,d925b6760dc1d23c,66.6336410639718,C:\InstagramRebuild\instagram_rebuild_mvp\data\thumbs\2BFF368C-CE9E-463B-908D-D5F0ACCC035A_99530268.jpg,True,,,filesystem_fallback,2026,,,,,none
C:\InstagramRebuild\SOURCE_INSTAGRAM\Instagram_01\Fotos en iCloud\2D303431-E0E7-4C18-BA80-138B85F9F006.jpg,2D303431-E0E7-4C18-BA80-138B85F9F006.jpg,.jpg,image,0.585,2026-09-05 00:50:30,1440.0,1920.0,2026-09-05 00:50:30,,,170.85764063517252,108.48691822916666,e1e1f5c5568e0e98,50.97941439538586,C:\InstagramRebuild\instagram_rebuild_mvp\data\thumbs\2D303431-E0E7-4C18-BA80-138B85F9F006_38854257.jpg,True,,,filesystem_fallback,2026,,,,,none
C:\InstagramRebuild\SOURCE_INSTAGRAM\Instagram_01\Fotos en iCloud\2E1E3EE1-326B-4A3D-B02E-EC7865D7B26C.jpg,2E1E3EE1-326B-4A3D-B02E-EC7865D7B26C.jpg,.jpg,image,0.717,2026-09-05 00:46:06,1284.0,2282.0,2024-03-02 16:07:44,,,980.1118728651002,116.22287291666666,f55ea14c32adce21,62.24293249574108,C:\InstagramRebuild\instagram_rebuild_mvp\data\thumbs\2E1E3EE1-326B-4A3D-B02E-EC7865D7B26C_97799907.jpg,True,,,original_or_video,2024,,,,,none
C:\InstagramRebuild\SOURCE_INSTAGRAM\Instagram_01\Fotos en iCloud\2F0511D5-2343-4405-A07E-37DF1BE9319F.jpg,2F0511D5-2343-4405-A07E-37DF1BE9319F.jpg,.jpg,image,1.441,2026-09-05 00:41:32,1440.0,1920.0,2026-09-05 00:41:32,,,4153.088563897037,138.4113578125,9c2c633349cd7d94,67.8682018331693,C:\InstagramRebuild\instagram_rebuild_mvp\data\thumbs\2F0511D5-2343-4405-A07E-37DF1BE9319F_58784654.jpg,True,,,filesystem_fallback,2026,,,,,none
C:\InstagramRebuild\SOURCE_INSTAGRAM\Instagram_01\Fotos en iCloud\2F35DE9E-A141-4674-9BDF-AD27236C231C.jpg,2F35DE9E-A141-4674-9BDF-AD27236C231C.jpg,.jpg,image,1.429,2026-09-05 00:43:28,3072.0,3837.0,2026-09-05 00:43:28,,,70.50454234804714,72.52888026932084,dc8d1173ad267750,71.87468867718358,C:\InstagramRebuild\instagram_rebuild_mvp\data\thumbs\2F35DE9E-A141-4674-9BDF-AD27236C231C_70675643.jpg,True,,,filesystem_fallback,2026,,,,,none
C:\InstagramRebuild\SOURCE_INSTAGRAM\Instagram_01\Fotos en iCloud\31f696af86a34d73b3b71627dbbb854b.mov,31f696af86a34d73b3b71627dbbb854b.mov,.mov,video,16.364,2026-09-05 00:47:40,,,2026-09-05 00:47:40,,,,,,35.0,,False,,ffprobe/ffmpeg no disponible o video no descargado: [WinError 2] El sistema no puede encontrar el archivo especificado,filesystem_fallback,2026,,,,,none
C:\InstagramRebuild\SOURCE_INSTAGRAM\Instagram_01\Fotos en iCloud\32BF51FB-4D6F-4000-A3DC-829C79DB059D.jpg,32BF51FB-4D6F-4000-A3DC-829C79DB059D.jpg,.jpg,image,0.167,2026-09-05 00:43:28,750.0,1334.0,2026-09-05 00:43:28,,,138.62088029476013,125.2550504747626,f9e0a50d667ae027,45.91038907631851,C:\InstagramRebuild\instagram_rebuild_mvp\data\thumbs\32BF51FB-4D6F-4000-A3DC-829C79DB059D_46138988.jpg,True,,,filesystem_fallback,2026,,,,,none
C:\InstagramRebuild\SOURCE_INSTAGRAM\Instagram_01\Fotos en iCloud\32C54B7E-D104-4463-8799-FEDF7DE58903.jpg,32C54B7E-D104-4463-8799-FEDF7DE58903.jpg,.jpg,image,0.496,2026-09-05 00:43:28,1284.0,2282.0,2024-04-26 14:53:36,,,69.58382079180362,125.37688263888889,e96c134730bdf027,48.51975857433634,C:\InstagramRebuild\instagram_rebuild_mvp\data\thumbs\32C54B7E-D104-4463-8799-FEDF7DE58903_01189316.jpg,True,,,original_or_video,2024,,,,,none
C:\InstagramRebuild\SOURCE_INSTAGRAM\Instagram_01\Fotos en iCloud\3361A5BC-D294-448D-AD7C-E42CCAF075EE.jpg,3361A5BC-D294-448D-AD7C-E42CCAF075EE.jpg,.jpg,image,1.117,2026-09-05 00:44:50,1440.0,1920.0,2026-09-05 00:44:50,,,2563.929814219574,110.59033020833331,96db35621dfc412c,66.43233599284271,C:\InstagramRebuild\instagram_rebuild_mvp\data\thumbs\3361A5BC-D294-448D-AD7C-E42CCAF075EE_80100015.jpg,True,,,filesystem_fallback,2026,,,,,none
C:\InstagramRebuild\SOURCE_INSTAGRAM\Instagram_01\Fotos en iCloud\35E26F9D-9F39-4504-9AF4-F16E138722A2-1.jpg,35E26F9D-9F39-4504-9AF4-F16E138722A2-1.jpg,.jpg,image,1.891,2026-09-05 00:50:36,1620.0,2025.0,2024-08-16 13:20:24,48.87360833333334,2.3319944444444443,3378.3790419168054,114.13384521484376,84e1771480df1fd6,69.41537541907604,C:\InstagramRebuild\instagram_rebuild_mvp\data\thumbs\35E26F9D-9F39-4504-9AF4-F16E138722A2-1_78315712.jpg,True,,,original_or_video,2024,FR,Francia,Paris,Ile-de-France,gps
C:\InstagramRebuild\SOURCE_INSTAGRAM\Instagram_01\Fotos en iCloud\35E26F9D-9F39-4504-9AF4-F16E138722A2.jpg,35E26F9D-9F39-4504-9AF4-F16E138722A2.jpg,.jpg,image,1.891,2026-09-05 00:41:56,1620.0,2025.0,2024-08-16 13:20:24,48.87360833333334,2.3319944444444443,3378.3790419168054,114.13384521484376,84e1771480df1fd6,69.41537541907604,C:\InstagramRebuild\instagram_rebuild_mvp\data\thumbs\35E26F9D-9F39-4504-9AF4-F16E138722A2_50804659.jpg,True,,,original_or_video,2024,FR,Francia,Paris,Ile-de-France,gps
C:\InstagramRebuild\SOURCE_INSTAGRAM\Instagram_01\Fotos en iCloud\373D64DD-F4AC-472D-9A7C-D10C85B4D028.mov,373D64DD-F4AC-472D-9A7C-D10C85B4D028.mov,.mov,video,2.683,2026-09-05 00:47:58,,,2026-09-05 00:47:58,,,,,,35.0,,False,,ffprobe/ffmpeg no disponible o video no descargado: [WinError 2] El sistema no puede encontrar el archivo especificado,filesystem_fallback,2026,,,,,none
C:\InstagramRebuild\SOURCE_INSTAGRAM\Instagram_01\Fotos en iCloud\3C8BC9BC-E997-4F7C-881F-F7C281989E6E.jpg,3C8BC9BC-E997-4F7C-881F-F7C281989E6E.jpg,.jpg,image,0.619,2026-09-05 00:47:58,1320.0,2346.0,2026-02-28 13:27:28,,,98.58532215476656,138.07469791666668,bf4853256198367d,49.895072983155394,C:\InstagramRebuild\instagram_rebuild_mvp\data\thumbs\3C8BC9BC-E997-4F7C-881F-F7C281989E6E_79001509.jpg,True,,,original_or_video,2026,,,,,none
C:\InstagramRebuild\SOURCE_INSTAGRAM\Instagram_01\Fotos en iCloud\3CFE1ED1-22CC-4835-9C77-A014E65263E3.jpg,3CFE1ED1-22CC-4835-9C77-A014E65263E3.jpg,.jpg,image,0.233,2026-09-05 00:50:02,951.0,933.0,2026-09-05 00:50:02,,,363.5384684353392,94.65299684542586,e75951a33660da1e,47.31690328565749,C:\InstagramRebuild\instagram_rebuild_mvp\data\thumbs\3CFE1ED1-22CC-4835-9C77-A014E65263E3_58525225.jpg,True,,,filesystem_fallback,2026,,,,,none
C:\InstagramRebuild\SOURCE_INSTAGRAM\Instagram_01\Fotos en iCloud\3D58D777-4601-40A0-9C60-246378F5EDDF.jpg,3D58D777-4601-40A0-9C60-246378F5EDDF.jpg,.jpg,image,0.778,2026-09-05 00:46:58,1284.0,2282.0,2024-12-23 14:56:33,,,527.6634284719208,142.78018194444445,e154fc42a7bc40db,58.173888917111285,C:\InstagramRebuild\instagram_rebuild_mvp\data\thumbs\3D58D777-4601-40A0-9C60-246378F5EDDF_41238488.jpg,True,,,original_or_video,2024,,,,,none
C:\InstagramRebuild\SOURCE_INSTAGRAM\Instagram_01\Fotos en iCloud\3D6084B5-5070-4C85-9C9E-FBF7F4BF9756.jpg,3D6084B5-5070-4C85-9C9E-FBF7F4BF9756.jpg,.jpg,image,1.381,2026-09-05 00:46:06,3072.0,3840.0,2026-09-05 00:46:06,,,78.57345750809648,69.7974130859375,dc8d1173ad267750,72.18421725945785,C:\InstagramRebuild\instagram_rebuild_mvp\data\thumbs\3D6084B5-5070-4C85-9C9E-FBF7F4BF9756_61402085.jpg,True,,,filesystem_fallback,2026,,,,,none
C:\InstagramRebuild\SOURCE_INSTAGRAM\Instagram_01\Fotos en iCloud\3F820C29-5114-470E-BCE5-D915CA73C801.jpg,3F820C29-5114-470E-BCE5-D915CA73C801.jpg,.jpg,image,1.771,2026-09-05 00:47:56,1440.0,1920.0,2026-09-05 00:47:56,,,15041.558446972622,116.41414583333334,e04285bd7ffb2222,67.96570226377953,C:\InstagramRebuild\instagram_rebuild_mvp\data\thumbs\3F820C29-5114-470E-BCE5-D915CA73C801_41612356.jpg,True,,,filesystem_fallback,2026,,,,,none
C:\InstagramRebuild\SOURCE_INSTAGRAM\Instagram_01\Fotos en iCloud\42C03609-6880-4CB9-AF51-971FE1216C8A.jpg,42C03609-6880-4CB9-AF51-971FE1216C8A.jpg,.jpg,image,0.833,2026-09-05 00:40:28,1440.0,1787.0,2026-09-05 00:40:28,,,1865.4674012082128,124.9270859193173,a9d9423c4b6e9cb4,65.69915856391485,C:\InstagramRebuild\instagram_rebuild_mvp\data\thumbs\42C03609-6880-4CB9-AF51-971FE1216C8A_53352851.jpg,True,,,filesystem_fallback,2026,,,,,none
C:\InstagramRebuild\SOURCE_INSTAGRAM\Instagram_01\Fotos en iCloud\447f4c22775148ed823a41e2ac4d9855.mov,447f4c22775148ed823a41e2ac4d9855.mov,.mov,video,11.149,2026-09-05 00:43:36,,,2026-09-05 00:43:36,,,,,,35.0,,False,,ffprobe/ffmpeg no disponible o video no descargado: [WinError 2] El sistema no puede encontrar el archivo especificado,filesystem_fallback,2026,,,,,none
C:\InstagramRebuild\SOURCE_INSTAGRAM\Instagram_01\Fotos en iCloud\46C3760B-D17D-45E5-A796-5E9C6821465F.jpg,46C3760B-D17D-45E5-A796-5E9C6821465F.jpg,.jpg,image,0.178,2026-09-05 00:48:54,750.0,1334.0,2026-09-05 00:48:54,,,232.8445491858409,121.60328635682158,bdbeb21be94ca090,48.38003611049531,C:\InstagramRebuild\instagram_rebuild_mvp\data\thumbs\46C3760B-D17D-45E5-A796-5E9C6821465F_57172988.jpg,True,,,filesystem_fallback,2026,,,,,none
C:\InstagramRebuild\SOURCE_INSTAGRAM\Instagram_01\Fotos en iCloud\4D2B5A34-0840-45DD-AEDA-4BFA38BBAB23.jpg,4D2B5A34-0840-45DD-AEDA-4BFA38BBAB23.jpg,.jpg,image,0.833,2026-09-05 00:47:56,1440.0,1920.0,2026-09-05 00:47:56,,,1183.3917694526026,114.49971875,a7dc8a6f5225256a,62.54762746853775,C:\InstagramRebuild\instagram_rebuild_mvp\data\thumbs\4D2B5A34-0840-45DD-AEDA-4BFA38BBAB23_77180927.jpg,True,,,filesystem_fallback,2026,,,,,none
C:\InstagramRebuild\SOURCE_INSTAGRAM\Instagram_01\Fotos en iCloud\4D3C94C0-0467-4740-AA4D-C96CDB376A66.jpg,4D3C94C0-0467-4740-AA4D-C96CDB376A66.jpg,.jpg,image,0.81,2026-09-05 00:52:52,1440.0,1920.0,2026-09-05 00:52:52,,,2342.1856863355792,119.92110260416666,d092c16172c3cf9f,67.02578487019831,C:\InstagramRebuild\instagram_rebuild_mvp\data\thumbs\4D3C94C0-0467-4740-AA4D-C96CDB376A66_16100849.jpg,True,,,filesystem_fallback,2026,,,,,none
C:\InstagramRebuild\SOURCE_INSTAGRAM\Instagram_01\Fotos en iCloud\4E12E6F0-E3FD-4B76-9547-05365ADF2A18.jpg,4E12E6F0-E3FD-4B76-9547-05365ADF2A18.jpg,.jpg,image,0.673,2026-09-05 00:50:30,1320.0,2346.0,2026-02-27 13:31:43,,,115.241097085733,136.9694159722222,b584c1a3eea496ba,50.89553374699942,C:\InstagramRebuild\instagram_rebuild_mvp\data\thumbs\4E12E6F0-E3FD-4B76-9547-05365ADF2A18_81011372.jpg,True,,,original_or_video,2026,,,,,none
C:\InstagramRebuild\SOURCE_INSTAGRAM\Instagram_01\Fotos en iCloud\51A43ABE-C37D-454A-BB0C-4C1397CDDF38.jpg,51A43ABE-C37D-454A-BB0C-4C1397CDDF38.jpg,.jpg,image,0.547,2026-09-05 00:47:58,1320.0,2346.0,2026-03-03 20:08:40,,,57.11888043691357,148.36624305555554,ad6492f02593fe0b,45.65033747308429,C:\InstagramRebuild\instagram_rebuild_mvp\data\thumbs\51A43ABE-C37D-454A-BB0C-4C1397CDDF38_50510374.jpg,True,,,original_or_video,2026,,,,,none
C:\InstagramRebuild\SOURCE_INSTAGRAM\Instagram_01\Fotos en iCloud\5259BCFA-32B8-4DEA-98FF-DC7A0D2BA9FA.jpg,5259BCFA-32B8-4DEA-98FF-DC7A0D2BA9FA.jpg,.jpg,image,0.458,2026-09-05 00:47:36,1320.0,2346.0,2025-09-30 15:51:12,,,20.354929845659235,149.87896527777778,f08e0ff12c567ac1,39.83987473922299,C:\InstagramRebuild\instagram_rebuild_mvp\data\thumbs\5259BCFA-32B8-4DEA-98FF-DC7A0D2BA9FA_67328743.jpg,True,,,original_or_video,2025,,,,,none
C:\InstagramRebuild\SOURCE_INSTAGRAM\Instagram_01\Fotos en iCloud\5316C8D2-3529-4251-9901-6DFCC7F94658.jpg,5316C8D2-3529-4251-9901-6DFCC7F94658.jpg,.jpg,image,1.063,2026-09-05 00:47:26,1320.0,2346.0,2025-07-07 14:39:30,,,668.6181936978003,105.86072152777778,ddb2220bf3740f83,59.42586558124311,C:\InstagramRebuild\instagram_rebuild_mvp\data\thumbs\5316C8D2-3529-4251-9901-6DFCC7F94658_88696659.jpg,True,,,original_or_video,2025,,,,,none
C:\InstagramRebuild\SOURCE_INSTAGRAM\Instagram_01\Fotos en iCloud\53785616-87DC-4A53-A36C-B04372B35BD7.jpg,53785616-87DC-4A53-A36C-B04372B35BD7.jpg,.jpg,image,0.635,2026-09-05 00:46:06,1284.0,2282.0,2024-07-20 17:28:55,-33.43711944444444,-70.6447,386.2433448091649,148.35130902777777,a15b493fc4ec9c13,55.76482662235106,C:\InstagramRebuild\instagram_rebuild_mvp\data\thumbs\53785616-87DC-4A53-A36C-B04372B35BD7_84304361.jpg,True,,,original_or_video,2024,CL,Chile,Santiago,Santiago Metropolitan,gps
C:\InstagramRebuild\SOURCE_INSTAGRAM\Instagram_01\Fotos en iCloud\540C240D-4331-49F5-AB98-58A1674AE0FD.jpg,540C240D-4331-49F5-AB98-58A1674AE0FD.jpg,.jpg,image,0.576,2026-09-05 00:44:50,1320.0,2346.0,2025-09-30 14:20:08,,,76.86191106998267,136.06506180555556,b8f7290749b93e44,48.74824339723021,C:\InstagramRebuild\instagram_rebuild_mvp\data\thumbs\540C240D-4331-49F5-AB98-58A1674AE0FD_64591370.jpg,True,,,original_or_video,2025,,,,,none
C:\InstagramRebuild\SOURCE_INSTAGRAM\Instagram_01\Fotos en iCloud\545A5353-819B-4B1E-AAC0-806F37ECC99C.jpg,545A5353-819B-4B1E-AAC0-806F37ECC99C.jpg,.jpg,image,0.643,2026-09-05 00:41:28,1320.0,2346.0,2026-09-05 00:41:28,,,288.17944205073303,103.97119375,ef7b2892a65a3161,54.47960389119688,C:\InstagramRebuild\instagram_rebuild_mvp\data\thumbs\545A5353-819B-4B1E-AAC0-806F37ECC99C_89874106.jpg,True,,,filesystem_fallback,2026,,,,,none
C:\InstagramRebuild\SOURCE_INSTAGRAM\Instagram_01\Fotos en iCloud\58803B11-FE24-41E6-B94B-E52240ABC52E.jpg,58803B11-FE24-41E6-B94B-E52240ABC52E.jpg,.jpg,image,0.702,2026-09-05 00:50:32,1320.0,2346.0,2026-03-01 14:27:20,,,89.7091251731405,118.93723819444445,fda745f4a1a29a42,49.725681325604256,C:\InstagramRebuild\instagram_rebuild_mvp\data\thumbs\58803B11-FE24-41E6-B94B-E52240ABC52E_02281137.jpg,True,,,original_or_video,2026,,,,,none
C:\InstagramRebuild\SOURCE_INSTAGRAM\Instagram_01\Fotos en iCloud\59356F18-54A5-47CD-B7C1-EC1FEAEAFF5C.jpg,59356F18-54A5-47CD-B7C1-EC1FEAEAFF5C.jpg,.jpg,image,0.597,2026-09-05 00:41:30,1320.0,2346.0,2026-02-14 19:37:13,,,68.57096200805363,147.52436458333332,f0ac105bf199de68,46.76146583190955,C:\InstagramRebuild\instagram_rebuild_mvp\data\thumbs\59356F18-54A5-47CD-B7C1-EC1FEAEAFF5C_91400341.jpg,True,,,original_or_video,2026,,,,,none
C:\InstagramRebuild\SOURCE_INSTAGRAM\Instagram_01\Fotos en iCloud\59F1664D-682F-4038-93F6-FE1451AD73E5.mov,59F1664D-682F-4038-93F6-FE1451AD73E5.mov,.mov,video,20.497,2026-09-05 00:41:40,,,2026-09-05 00:41:40,,,,,,35.0,,False,,ffprobe/ffmpeg no disponible o video no descargado: [WinError 2] El sistema no puede encontrar el archivo especificado,filesystem_fallback,2026,,,,,none
C:\InstagramRebuild\SOURCE_INSTAGRAM\Instagram_01\Fotos en iCloud\5C606AD8-B82F-462B-B0D2-C1F97D78E300.jpg,5C606AD8-B82F-462B-B0D2-C1F97D78E300.jpg,.jpg,image,22.234,2026-09-05 00:44:50,3024.0,4032.0,2026-01-30 09:34:17,29.98033055555556,31.13319166666667,193.6681927083324,134.45788541666667,b8d5633c0c24f2eb,83.77019039202023,C:\InstagramRebuild\instagram_rebuild_mvp\data\thumbs\5C606AD8-B82F-462B-B0D2-C1F97D78E300_14932765.jpg,True,,,original_or_video,2026,EG,Egipto,Al Jizah,Al Jizah,gps
C:\InstagramRebuild\SOURCE_INSTAGRAM\Instagram_01\Fotos en iCloud\5C8B2267-728E-4E5F-8D76-E1881691A312.jpg,5C8B2267-728E-4E5F-8D76-E1881691A312.jpg,.jpg,image,2.812,2026-09-05 00:47:56,3072.0,4096.0,2026-02-03 19:44:05,,,716.3010714866493,131.04890885416663,e69c895e68692557,91.50894548891144,C:\InstagramRebuild\instagram_rebuild_mvp\data\thumbs\5C8B2267-728E-4E5F-8D76-E1881691A312_98483603.jpg,True,,,original_or_video,2026,,,,,none
C:\InstagramRebuild\SOURCE_INSTAGRAM\Instagram_01\Fotos en iCloud\5D5D296C-858C-4DDC-ACBE-DED19E8AAB5D.jpg,5D5D296C-858C-4DDC-ACBE-DED19E8AAB5D.jpg,.jpg,image,0.521,2026-09-05 00:48:42,1320.0,2346.0,2026-04-24 22:24:42,,,28.89707471998263,126.42181597222222,8f6b7c243dc3818d,44.36651414879101,C:\InstagramRebuild\instagram_rebuild_mvp\data\thumbs\5D5D296C-858C-4DDC-ACBE-DED19E8AAB5D_93323543.jpg,True,,,original_or_video,2026,,,,,none
C:\InstagramRebuild\SOURCE_INSTAGRAM\Instagram_01\Fotos en iCloud\5F6D8D94-FFEE-455C-869F-FAFDEDB7123F.jpg,5F6D8D94-FFEE-455C-869F-FAFDEDB7123F.jpg,.jpg,image,0.419,2026-09-05 00:48:52,1284.0,2282.0,2024-03-31 13:42:46,,,36.81682907222173,109.57006458333332,dce1335af3a18f80,43.14254868180749,C:\InstagramRebuild\instagram_rebuild_mvp\data\thumbs\5F6D8D94-FFEE-455C-869F-FAFDEDB7123F_56654937.jpg,True,,,original_or_video,2024,,,,,none
C:\InstagramRebuild\SOURCE_INSTAGRAM\Instagram_01\Fotos en iCloud\600F14E5-BE51-463E-A057-DDF27D9980C4.jpg,600F14E5-BE51-463E-A057-DDF27D9980C4.jpg,.jpg,image,0.527,2026-09-05 00:41:46,1320.0,2346.0,2026-02-27 09:19:25,,,418.6541733720986,39.062296527777775,ea1620f31591d72f,48.90785630664951,C:\InstagramRebuild\instagram_rebuild_mvp\data\thumbs\600F14E5-BE51-463E-A057-DDF27D9980C4_92364089.jpg,True,,,original_or_video,2026,,,,,none
C:\InstagramRebuild\SOURCE_INSTAGRAM\Instagram_01\Fotos en iCloud\603FF072-F7AE-4332-9308-28350456DBEC.jpg,603FF072-F7AE-4332-9308-28350456DBEC.jpg,.jpg,image,0.923,2026-09-05 00:50:36,1620.0,2025.0,2024-08-25 17:50:32,36.41716111111111,25.43158611111112,964.8275249599612,144.61518994140624,e837586699ae9169,62.51500791378408,C:\InstagramRebuild\instagram_rebuild_mvp\data\thumbs\603FF072-F7AE-4332-9308-28350456DBEC_74983128.jpg,True,,,original_or_video,2024,GR,Grecia,Fira,South Aegean,gps
C:\InstagramRebuild\SOURCE_INSTAGRAM\Instagram_01\Fotos en iCloud\6094C70A-E23D-472F-A06E-3E5A0FEB8327.jpg,6094C70A-E23D-472F-A06E-3E5A0FEB8327.jpg,.jpg,image,0.183,2026-09-05 00:48:54,750.0,1334.0,2026-09-05 00:48:54,,,276.0722755334886,121.77499650174911,bcf0b6923d4ba198,49.35443957251189,C:\InstagramRebuild\instagram_rebuild_mvp\data\thumbs\6094C70A-E23D-472F-A06E-3E5A0FEB8327_45842524.jpg,True,,,filesystem_fallback,2026,,,,,none
C:\InstagramRebuild\SOURCE_INSTAGRAM\Instagram_01\Fotos en iCloud\60B34D8B-4905-4750-BF28-4E351EE80A50.jpg,60B34D8B-4905-4750-BF28-4E351EE80A50.jpg,.jpg,image,2.138,2026-09-05 00:48:10,3840.0,2158.0,2019-09-02 06:48:23,38.63276944444444,34.836955555555555,713.2597587054914,118.03195564516128,819862725df12b6f,78.52644487218646,C:\InstagramRebuild\instagram_rebuild_mvp\data\thumbs\60B34D8B-4905-4750-BF28-4E351EE80A50_68740006.jpg,True,,,original_or_video,2019,TR,Turquía,Goereme,Nevsehir,gps
C:\InstagramRebuild\SOURCE_INSTAGRAM\Instagram_01\Fotos en iCloud\611FE141-083B-40E9-9673-B7F0D08C3554.jpg,611FE141-083B-40E9-9673-B7F0D08C3554.jpg,.jpg,image,0.652,2026-09-05 00:41:30,1440.0,1920.0,2026-09-05 00:41:30,,,290.2020424879533,67.598203125,ca75658eb1851c7a,49.11638722231454,C:\InstagramRebuild\instagram_rebuild_mvp\data\thumbs\611FE141-083B-40E9-9673-B7F0D08C3554_58864813.jpg,True,,,filesystem_fallback,2026,,,,,none
C:\InstagramRebuild\SOURCE_INSTAGRAM\Instagram_01\Fotos en iCloud\624098AE-87A8-467B-ABC9-27A166292629.jpg,624098AE-87A8-467B-ABC9-27A166292629.jpg,.jpg,image,3.852,2026-09-05 00:48:10,2854.0,2854.0,2023-08-13 16:56:25,43.25863611111111,16.632519444444444,3411.1469160325587,93.361263671875,8bc63eec68b820f3,83.1779742394603,C:\InstagramRebuild\instagram_rebuild_mvp\data\thumbs\624098AE-87A8-467B-ABC9-27A166292629_06629060.jpg,True,,,original_or_video,2023,HR,Croacia,Bol,Splitsko-Dalmatinska,gps
C:\InstagramRebuild\SOURCE_INSTAGRAM\Instagram_01\Fotos en iCloud\6454D1C8-81DA-4CEF-9933-4E0026FFFBB5.jpg,6454D1C8-81DA-4CEF-9933-4E0026FFFBB5.jpg,.jpg,image,0.76,2026-09-05 00:41:32,1440.0,1920.0,2026-09-05 00:41:32,,,1361.274274550755,101.79618697916666,b01696969f858dad,61.83429518096712,C:\InstagramRebuild\instagram_rebuild_mvp\data\thumbs\6454D1C8-81DA-4CEF-9933-4E0026FFFBB5_69935931.jpg,True,,,filesystem_fallback,2026,,,,,none
C:\InstagramRebuild\SOURCE_INSTAGRAM\Instagram_01\Fotos en iCloud\6504088E-2B7E-4964-801D-BFD385790624.jpg,6504088E-2B7E-4964-801D-BFD385790624.jpg,.jpg,image,0.832,2026-09-05 00:50:04,1320.0,2346.0,2025-07-06 11:11:24,-29.981413888888888,-70.94017777777778,655.0270935619092,187.7046513888889,80991ecd25d7336b,54.63744603682316,C:\InstagramRebuild\instagram_rebuild_mvp\data\thumbs\6504088E-2B7E-4964-801D-BFD385790624_19889319.jpg,True,,,original_or_video,2025,CL,Chile,Vicuna,Coquimbo,gps
C:\InstagramRebuild\SOURCE_INSTAGRAM\Instagram_01\Fotos en iCloud\6592CD05-23F9-4A4F-A510-FE56B05EE625.jpg,6592CD05-23F9-4A4F-A510-FE56B05EE625.jpg,.jpg,image,3.219,2026-09-05 00:50:42,3024.0,3780.0,2019-09-04 11:48:26,41.01631111111111,28.970341666666663,1617.0845224069171,127.27547900390626,818529b55f5ae569,94.63297874455296,C:\InstagramRebuild\instagram_rebuild_mvp\data\thumbs\6592CD05-23F9-4A4F-A510-FE56B05EE625_28859964.jpg,True,,,original_or_video,2019,TR,Turquía,Eminoenue,Istanbul,gps
C:\InstagramRebuild\SOURCE_INSTAGRAM\Instagram_01\Fotos en iCloud\6749196E-044C-4E50-9943-EFE2C2625CA5.jpg,6749196E-044C-4E50-9943-EFE2C2625CA5.jpg,.jpg,image,0.996,2026-09-05 00:41:56,1620.0,2023.0,2024-08-25 12:32:07,35.45026111111111,25.151844444444443,336.6273540941775,89.69162275565964,f7e144670e1c598e,54.26612691404301,C:\InstagramRebuild\instagram_rebuild_mvp\data\thumbs\6749196E-044C-4E50-9943-EFE2C2625CA5_92038141.jpg,True,,,original_or_video,2024,GR,Grecia,Nea Alikarnassos,Crete,gps
C:\InstagramRebuild\SOURCE_INSTAGRAM\Instagram_01\Fotos en iCloud\68773F0D-1FC0-4564-8301-8AD1EBC0C78B.jpg,68773F0D-1FC0-4564-8301-8AD1EBC0C78B.jpg,.jpg,image,0.555,2026-09-05 00:50:32,1320.0,2346.0,2026-03-03 20:11:08,,,51.26369437407213,146.52919791666667,ed059ba59092c99f,45.270000288424505,C:\InstagramRebuild\instagram_rebuild_mvp\data\thumbs\68773F0D-1FC0-4564-8301-8AD1EBC0C78B_83676698.jpg,True,,,original_or_video,2026,,,,,none
C:\InstagramRebuild\SOURCE_INSTAGRAM\Instagram_01\Fotos en iCloud\68ED7950-222A-4E81-B83B-FB4F89787DFE.jpg,68ED7950-222A-4E81-B83B-FB4F89787DFE.jpg,.jpg,image,1.179,2026-09-05 00:50:00,1320.0,2346.0,2025-07-07 14:44:36,,,754.9713063888581,98.85550972222222,dca5250ff6740f03,59.2807668478146,C:\InstagramRebuild\instagram_rebuild_mvp\data\thumbs\68ED7950-222A-4E81-B83B-FB4F89787DFE_68545816.jpg,True,,,original_or_video,2025,,,,,none
C:\InstagramRebuild\SOURCE_INSTAGRAM\Instagram_01\Fotos en iCloud\6A300105-7A5A-45BF-BAB4-1227DCCD91F0.jpg,6A300105-7A5A-45BF-BAB4-1227DCCD91F0.jpg,.jpg,image,0.594,2026-09-05 00:48:54,1284.0,2282.0,2024-04-01 20:44:28,,,47.63887528892314,92.99633888888889,c119c8377f6331e4,42.60065957128628,C:\InstagramRebuild\instagram_rebuild_mvp\data\thumbs\6A300105-7A5A-45BF-BAB4-1227DCCD91F0_57486273.jpg,True,,,original_or_video,2024,,,,,none
C:\InstagramRebuild\SOURCE_INSTAGRAM\Instagram_01\Fotos en iCloud\6BF160F7-D8BB-4F17-BB8B-595BCA19B143.jpg,6BF160F7-D8BB-4F17-BB8B-595BCA19B143.jpg,.jpg,image,1.946,2026-09-05 00:42:00,3024.0,3780.0,2019-09-02 06:26:05,38.64529722222222,34.85975555555556,235.83405057140752,130.95820361328126,a2a51d1e0488f7ef,83.38879387737441,C:\InstagramRebuild\instagram_rebuild_mvp\data\thumbs\6BF160F7-D8BB-4F17-BB8B-595BCA19B143_35954419.jpg,True,,,original_or_video,2019,TR,Turquía,Goereme,Nevsehir,gps
C:\InstagramRebuild\SOURCE_INSTAGRAM\Instagram_01\Fotos en iCloud\6D692C3D-8DAF-41D5-93D8-31D4CC9601F3.jpg,6D692C3D-8DAF-41D5-93D8-31D4CC9601F3.jpg,.jpg,image,0.143,2026-09-05 00:48:54,750.0,1334.0,2026-09-05 00:48:54,,,144.662504781803,100.8924487756122,9aa3b7f633303158,43.27120034059078,C:\InstagramRebuild\instagram_rebuild_mvp\data\thumbs\6D692C3D-8DAF-41D5-93D8-31D4CC9601F3_36981811.jpg,True,,,filesystem_fallback,2026,,,,,none
C:\InstagramRebuild\SOURCE_INSTAGRAM\Instagram_01\Fotos en iCloud\6FAE5CDA-DFA5-4452-AF1D-D9FF3D1F9C15.jpg,6FAE5CDA-DFA5-4452-AF1D-D9FF3D1F9C15.jpg,.jpg,image,1.004,2026-09-05 00:44:58,1620.0,2024.0,2024-08-25 12:32:07,35.45026111111111,25.151844444444443,334.5787937003911,87.02424082747854,f7a144670e1c5d8e,53.92224804757771,C:\InstagramRebuild\instagram_rebuild_mvp\data\thumbs\6FAE5CDA-DFA5-4452-AF1D-D9FF3D1F9C15_55175229.jpg,True,,,original_or_video,2024,GR,Grecia,Nea Alikarnassos,Crete,gps
C:\InstagramRebuild\SOURCE_INSTAGRAM\Instagram_01\Fotos en iCloud\71ACA1A4-434E-4A85-9398-F0337D6E3298.jpg,71ACA1A4-434E-4A85-9398-F0337D6E3298.jpg,.jpg,image,4.047,2026-09-05 00:44:58,3024.0,3780.0,2024-03-14 16:22:57,-2.796594444444444,-40.51699444444444,802.2591920925977,114.534798828125,d46808be9f6b6c16,89.25394275380948,C:\InstagramRebuild\instagram_rebuild_mvp\data\thumbs\71ACA1A4-434E-4A85-9398-F0337D6E3298_95031632.jpg,True,,,original_or_video,2024,BR,Brasil,Camocim,Ceara,gps
C:\InstagramRebuild\SOURCE_INSTAGRAM\Instagram_01\Fotos en iCloud\7232BAD5-5B1D-4A40-91E2-BA6F8E415CA4.jpg,7232BAD5-5B1D-4A40-91E2-BA6F8E415CA4.jpg,.jpg,image,0.639,2026-09-05 00:40:28,1284.0,2282.0,2024-03-31 13:41:35,,,118.033324995918,88.5806923611111,f882300ff0b3b1cf,47.11339116372281,C:\InstagramRebuild\instagram_rebuild_mvp\data\thumbs\7232BAD5-5B1D-4A40-91E2-BA6F8E415CA4_58312008.jpg,True,,,original_or_video,2024,,,,,none
C:\InstagramRebuild\SOURCE_INSTAGRAM\Instagram_01\Fotos en iCloud\7293953C-C37F-44B1-BF60-16CE267F4587.jpg,7293953C-C37F-44B1-BF60-16CE267F4587.jpg,.jpg,image,0.891,2026-09-05 00:44:50,1440.0,1920.0,2026-09-05 00:44:50,,,1843.61441068489,107.4857421875,d3292c5633a45f33,64.21131008022806,C:\InstagramRebuild\instagram_rebuild_mvp\data\thumbs\7293953C-C37F-44B1-BF60-16CE267F4587_78473937.jpg,True,,,filesystem_fallback,2026,,,,,none
C:\InstagramRebuild\SOURCE_INSTAGRAM\Instagram_01\Fotos en iCloud\73F9BE30-9118-421B-B5E7-66B4951ABC34.jpg,73F9BE30-9118-421B-B5E7-66B4951ABC34.jpg,.jpg,image,0.447,2026-09-05 00:47:36,1440.0,1920.0,2026-09-05 00:47:36,,,483.5091563847525,75.2130171875,c8743303c8fc972f,52.87956908187799,C:\InstagramRebuild\instagram_rebuild_mvp\data\thumbs\73F9BE30-9118-421B-B5E7-66B4951ABC34_25222369.jpg,True,,,filesystem_fallback,2026,,,,,none
C:\InstagramRebuild\SOURCE_INSTAGRAM\Instagram_01\Fotos en iCloud\7505e7bfa5b14e40b66cf948204fb698.mov,7505e7bfa5b14e40b66cf948204fb698.mov,.mov,video,5.331,2026-09-05 00:49:04,,,2026-09-05 00:49:04,,,,,,35.0,,False,,ffprobe/ffmpeg no disponible o video no descargado: [WinError 2] El sistema no puede encontrar el archivo especificado,filesystem_fallback,2026,,,,,none
C:\InstagramRebuild\SOURCE_INSTAGRAM\Instagram_01\Fotos en iCloud\762d6ad470424b4ca7e20105cc2ba0e9.mov,762d6ad470424b4ca7e20105cc2ba0e9.mov,.mov,video,20.399,2026-09-05 00:47:26,,,2026-09-05 00:47:26,,,,,,35.0,,False,,ffprobe/ffmpeg no disponible o video no descargado: [WinError 2] El sistema no puede encontrar el archivo especificado,filesystem_fallback,2026,,,,,none
C:\InstagramRebuild\SOURCE_INSTAGRAM\Instagram_01\Fotos en iCloud\783AA1CD-B880-4738-B9C1-F59603E5208E.jpg,783AA1CD-B880-4738-B9C1-F59603E5208E.jpg,.jpg,image,1.561,2026-09-05 00:50:02,1320.0,2346.0,2025-10-26 11:46:41,,,1444.597160780787,131.3387673611111,b2f342a5dc8cc3c9,65.73900964776487,C:\InstagramRebuild\instagram_rebuild_mvp\data\thumbs\783AA1CD-B880-4738-B9C1-F59603E5208E_07135908.jpg,True,,,original_or_video,2025,,,,,none
C:\InstagramRebuild\SOURCE_INSTAGRAM\Instagram_01\Fotos en iCloud\7BACE879-B968-4151-A425-ACFEA5DA959A.jpg,7BACE879-B968-4151-A425-ACFEA5DA959A.jpg,.jpg,image,15.688,2026-09-05 00:48:08,3024.0,4032.0,2026-01-30 10:06:28,29.97498055555556,31.137958333333334,339.2290072718915,114.5906234375,91cf731c8fe97012,86.32593214978382,C:\InstagramRebuild\instagram_rebuild_mvp\data\thumbs\7BACE879-B968-4151-A425-ACFEA5DA959A_54921587.jpg,True,,,original_or_video,2026,EG,Egipto,Al Jizah,Al Jizah,gps
C:\InstagramRebuild\SOURCE_INSTAGRAM\Instagram_01\Fotos en iCloud\7D00922F-9B36-4E26-9322-C0EE4594EC69.jpg,7D00922F-9B36-4E26-9322-C0EE4594EC69.jpg,.jpg,image,0.524,2026-09-05 00:47:56,1440.0,1920.0,2026-09-05 00:47:56,,,258.2569306806292,133.29508802083333,defc004179e1a7e2,54.73522080620022,C:\InstagramRebuild\instagram_rebuild_mvp\data\thumbs\7D00922F-9B36-4E26-9322-C0EE4594EC69_88362679.jpg,True,,,filesystem_fallback,2026,,,,,none
C:\InstagramRebuild\SOURCE_INSTAGRAM\Instagram_01\Fotos en iCloud\80EEAA7A-DD33-4F8B-8965-7F562A7FF15D.jpg,80EEAA7A-DD33-4F8B-8965-7F562A7FF15D.jpg,.jpg,image,0.431,2026-09-05 00:50:12,1440.0,1920.0,2026-09-05 00:50:12,,,205.74441962999572,125.27203645833332,d1bcc9267e44c798,54.00150362022191,C:\InstagramRebuild\instagram_rebuild_mvp\data\thumbs\80EEAA7A-DD33-4F8B-8965-7F562A7FF15D_89762132.jpg,True,,,filesystem_fallback,2026,,,,,none
C:\InstagramRebuild\SOURCE_INSTAGRAM\Instagram_01\Fotos en iCloud\81213F65-6758-4B7D-BC01-2205982C0460.jpg,81213F65-6758-4B7D-BC01-2205982C0460.jpg,.jpg,image,1.078,2026-09-05 00:41:30,1440.0,1920.0,2026-09-05 00:41:30,,,906.899164364614,100.52238802083332,c44b5bbd6817251d,59.40134791943268,C:\InstagramRebuild\instagram_rebuild_mvp\data\thumbs\81213F65-6758-4B7D-BC01-2205982C0460_19494289.jpg,True,,,filesystem_fallback,2026,,,,,none
C:\InstagramRebuild\SOURCE_INSTAGRAM\Instagram_01\Fotos en iCloud\81D6A202-3346-492F-8561-D667460E9865.jpg,81D6A202-3346-492F-8561-D667460E9865.jpg,.jpg,image,0.711,2026-09-05 00:50:30,1320.0,2346.0,2026-02-27 12:44:46,,,112.37398021202932,117.96598958333334,da56242b6dc1bc96,50.865532909515245,C:\InstagramRebuild\instagram_rebuild_mvp\data\thumbs\81D6A202-3346-492F-8561-D667460E9865_86926641.jpg,True,,,original_or_video,2026,,,,,none
C:\InstagramRebuild\SOURCE_INSTAGRAM\Instagram_01\Fotos en iCloud\826D7A9A-B3BF-4D74-89C3-D839DEBF52EF.jpg,826D7A9A-B3BF-4D74-89C3-D839DEBF52EF.jpg,.jpg,image,1.034,2026-09-05 00:52:22,1320.0,2346.0,2025-08-20 11:00:26,,,512.4740822220657,128.1387423611111,adb653725b147c09,60.294650369321566,C:\InstagramRebuild\instagram_rebuild_mvp\data\thumbs\826D7A9A-B3BF-4D74-89C3-D839DEBF52EF_95744353.jpg,True,,,original_or_video,2025,,,,,none
C:\InstagramRebuild\SOURCE_INSTAGRAM\Instagram_01\Fotos en iCloud\829A6AE5-69B2-4CFC-B596-0E9E0A3DED55.jpg,829A6AE5-69B2-4CFC-B596-0E9E0A3DED55.jpg,.jpg,image,0.398,2026-09-05 00:50:30,1320.0,2346.0,2026-09-05 00:50:30,,,249.5666310965103,150.56404444444445,e65b90a995e6b5a0,53.61019758061199,C:\InstagramRebuild\instagram_rebuild_mvp\data\thumbs\829A6AE5-69B2-4CFC-B596-0E9E0A3DED55_30718569.jpg,True,,,filesystem_fallback,2026,,,,,none
C:\InstagramRebuild\SOURCE_INSTAGRAM\Instagram_01\Fotos en iCloud\83655546b243465d9d317acfc7a64f39.mov,83655546b243465d9d317acfc7a64f39.mov,.mov,video,8.088,2026-09-05 00:52:18,,,2026-09-05 00:52:18,,,,,,35.0,,False,,ffprobe/ffmpeg no disponible o video no descargado: [WinError 2] El sistema no puede encontrar el archivo especificado,filesystem_fallback,2026,,,,,none
C:\InstagramRebuild\SOURCE_INSTAGRAM\Instagram_01\Fotos en iCloud\839EE45B-58F6-48F9-AC5E-46844E132173.jpg,839EE45B-58F6-48F9-AC5E-46844E132173.jpg,.jpg,image,0.864,2026-09-05 00:47:58,1440.0,1920.0,2026-09-05 00:47:58,,,1364.0359877966898,105.926725,ccc6c8c7e906f856,62.3335459165733,C:\InstagramRebuild\instagram_rebuild_mvp\data\thumbs\839EE45B-58F6-48F9-AC5E-46844E132173_76679532.jpg,True,,,filesystem_fallback,2026,,,,,none
C:\InstagramRebuild\SOURCE_INSTAGRAM\Instagram_01\Fotos en iCloud\850D57B6-9502-4699-855E-1F9FDF869622.mov,850D57B6-9502-4699-855E-1F9FDF869622.mov,.mov,video,38.825,2026-09-05 00:50:12,,,2026-09-05 00:50:12,,,,,,35.0,,False,,ffprobe/ffmpeg no disponible o video no descargado: [WinError 2] El sistema no puede encontrar el archivo especificado,filesystem_fallback,2026,,,,,none
C:\InstagramRebuild\SOURCE_INSTAGRAM\Instagram_01\Fotos en iCloud\85771A66-2573-4925-BED9-68877BE43F07.jpg,85771A66-2573-4925-BED9-68877BE43F07.jpg,.jpg,image,1.07,2026-09-05 00:52:52,1440.0,1920.0,2026-09-05 00:52:52,,,3686.413483316379,112.47036822916668,a8bf504b4d549a4f,67.4999017593504,C:\InstagramRebuild\instagram_rebuild_mvp\data\thumbs\85771A66-2573-4925-BED9-68877BE43F07_72206822.jpg,True,,,filesystem_fallback,2026,,,,,none
C:\InstagramRebuild\SOURCE_INSTAGRAM\Instagram_01\Fotos en iCloud\86169857-3A0E-4DC2-8328-37207C4B6137.jpg,86169857-3A0E-4DC2-8328-37207C4B6137.jpg,.jpg,image,20.232,2026-09-05 00:41:46,3072.0,4096.0,2026-01-30 09:53:26,29.97530555555556,31.140227777777778,724.6035809417435,129.16601979166666,85e852521baded6c,91.7960674566295,C:\InstagramRebuild\instagram_rebuild_mvp\data\thumbs\86169857-3A0E-4DC2-8328-37207C4B6137_70686355.jpg,True,,,original_or_video,2026,EG,Egipto,Al Jizah,Al Jizah,gps
C:\InstagramRebuild\SOURCE_INSTAGRAM\Instagram_01\Fotos en iCloud\866D598E-2B41-485F-83A9-6517A08A22EF.mov,866D598E-2B41-485F-83A9-6517A08A22EF.mov,.mov,video,18.968,2026-09-05 00:47:48,,,2026-09-05 00:47:48,,,,,,35.0,,False,,ffprobe/ffmpeg no disponible o video no descargado: [WinError 2] El sistema no puede encontrar el archivo especificado,filesystem_fallback,2026,,,,,none
C:\InstagramRebuild\SOURCE_INSTAGRAM\Instagram_01\Fotos en iCloud\867DB564-8E9C-4D02-A37D-FB025F394E4A.jpg,867DB564-8E9C-4D02-A37D-FB025F394E4A.jpg,.jpg,image,6.689,2026-09-05 00:46:12,2982.0,2982.0,2023-08-23 16:48:07,52.51533611111111,13.460327777777778,1963.655482586132,133.974908203125,d920b67e0dcbd330,86.47205296828317,C:\InstagramRebuild\instagram_rebuild_mvp\data\thumbs\867DB564-8E9C-4D02-A37D-FB025F394E4A_14774409.jpg,True,,,original_or_video,2023,DE,Alemania,Friedrichshain Bezirk,Berlin,gps
C:\InstagramRebuild\SOURCE_INSTAGRAM\Instagram_01\Fotos en iCloud\8A216886-0C9D-4C20-B7FE-4FADEED2EDE5.jpg,8A216886-0C9D-4C20-B7FE-4FADEED2EDE5.jpg,.jpg,image,0.132,2026-09-05 00:46:06,750.0,1334.0,2026-09-05 00:46:06,,,119.01309826862772,102.15105747126437,ca8ff4d6b191c1c8,42.33034052908674,C:\InstagramRebuild\instagram_rebuild_mvp\data\thumbs\8A216886-0C9D-4C20-B7FE-4FADEED2EDE5_89222289.jpg,True,,,filesystem_fallback,2026,,,,,none
C:\InstagramRebuild\SOURCE_INSTAGRAM\Instagram_01\Fotos en iCloud\8A3C48FE-4CFD-4FE5-8489-7B0A88FA5E7C.mov,8A3C48FE-4CFD-4FE5-8489-7B0A88FA5E7C.mov,.mov,video,14.885,2026-09-05 00:50:10,,,2026-09-05 00:50:10,,,,,,35.0,,False,,ffprobe/ffmpeg no disponible o video no descargado: [WinError 2] El sistema no puede encontrar el archivo especificado,filesystem_fallback,2026,,,,,none
C:\InstagramRebuild\SOURCE_INSTAGRAM\Instagram_01\Fotos en iCloud\8B546C39-7BF1-4EDC-9E2C-8CC22C67E980.jpg,8B546C39-7BF1-4EDC-9E2C-8CC22C67E980.jpg,.jpg,image,0.448,2026-09-05 00:44:50,1320.0,2346.0,2025-10-11 16:56:15,,,87.45292353624805,109.43235902777778,92d67cb8ad2d1165,48.46137818579251,C:\InstagramRebuild\instagram_rebuild_mvp\data\thumbs\8B546C39-7BF1-4EDC-9E2C-8CC22C67E980_56097933.jpg,True,,,original_or_video,2025,,,,,none
C:\InstagramRebuild\SOURCE_INSTAGRAM\Instagram_01\Fotos en iCloud\8CD631AC-7C49-49F2-B366-B1309823ECE0.jpg,8CD631AC-7C49-49F2-B366-B1309823ECE0.jpg,.jpg,image,0.175,2026-09-05 00:48:54,750.0,1334.0,2026-09-05 00:48:54,,,264.48678782030174,118.51886256871563,91bbb21de44e889d,48.72959440738244,C:\InstagramRebuild\instagram_rebuild_mvp\data\thumbs\8CD631AC-7C49-49F2-B366-B1309823ECE0_87416192.jpg,True,,,filesystem_fallback,2026,,,,,none
C:\InstagramRebuild\SOURCE_INSTAGRAM\Instagram_01\Fotos en iCloud\8E7419B5-6340-4A4A-89ED-9827C3AF255A.jpg,8E7419B5-6340-4A4A-89ED-9827C3AF255A.jpg,.jpg,image,0.221,2026-09-05 00:47:58,1320.0,2346.0,2026-09-05 00:47:58,,,64.45428742206602,104.44154097222224,dc9c3a90850dece7,46.1781200588154,C:\InstagramRebuild\instagram_rebuild_mvp\data\thumbs\8E7419B5-6340-4A4A-89ED-9827C3AF255A_45789271.jpg,True,,,filesystem_fallback,2026,,,,,none
C:\InstagramRebuild\SOURCE_INSTAGRAM\Instagram_01\Fotos en iCloud\91FF6F91-337C-47D2-8C54-F3860329094F.jpg,91FF6F91-337C-47D2-8C54-F3860329094F.jpg,.jpg,image,1.023,2026-09-05 00:52:52,1440.0,1920.0,2026-09-05 00:52:52,,,1440.1002593025644,90.217503125,94f45d876639c2ca,60.78314781031664,C:\InstagramRebuild\instagram_rebuild_mvp\data\thumbs\91FF6F91-337C-47D2-8C54-F3860329094F_25801844.jpg,True,,,filesystem_fallback,2026,,,,,none
C:\InstagramRebuild\SOURCE_INSTAGRAM\Instagram_01\Fotos en iCloud\94728323-AE20-4C99-B2C9-8273C9E8BFFD.jpg,94728323-AE20-4C99-B2C9-8273C9E8BFFD.jpg,.jpg,image,1.146,2026-09-05 00:41:30,1440.0,1920.0,2026-09-05 00:41:30,,,1741.8733674753448,101.0262671875,b4d24a8983adaeec,63.12924473040621,C:\InstagramRebuild\instagram_rebuild_mvp\data\thumbs\94728323-AE20-4C99-B2C9-8273C9E8BFFD_19532957.jpg,True,,,filesystem_fallback,2026,,,,,none
C:\InstagramRebuild\SOURCE_INSTAGRAM\Instagram_01\Fotos en iCloud\96408A72-B2EA-4FB3-9100-770F913FFA44.jpg,96408A72-B2EA-4FB3-9100-770F913FFA44.jpg,.jpg,image,0.774,2026-09-05 00:47:56,1440.0,1920.0,2026-09-05 00:47:56,,,1634.2198713534603,134.36045625,c97fd4800b3f2ec8,64.96902537964601,C:\InstagramRebuild\instagram_rebuild_mvp\data\thumbs\96408A72-B2EA-4FB3-9100-770F913FFA44_02423537.jpg,True,,,filesystem_fallback,2026,,,,,none
C:\InstagramRebuild\SOURCE_INSTAGRAM\Instagram_01\Fotos en iCloud\98877D0A-F3DC-45FE-A842-228D8E4BF5D1.jpg,98877D0A-F3DC-45FE-A842-228D8E4BF5D1.jpg,.jpg,image,0.351,2026-09-05 00:50:02,1320.0,1759.0,2026-09-05 00:50:02,,,10.577638936623458,155.51003902997502,f08e57e9811e6f90,33.148322579799604,C:\InstagramRebuild\instagram_rebuild_mvp\data\thumbs\98877D0A-F3DC-45FE-A842-228D8E4BF5D1_49909530.jpg,True,,,filesystem_fallback,2026,,,,,none
C:\InstagramRebuild\SOURCE_INSTAGRAM\Instagram_01\Fotos en iCloud\99846C73-4BD2-45B4-98B9-87F97E1580B7.jpg,99846C73-4BD2-45B4-98B9-87F97E1580B7.jpg,.jpg,image,3.145,2026-09-05 00:52:12,3024.0,3780.0,2026-09-05 00:52:12,,,829.7150720480342,129.45625244140626,96b0d95e29e5d01e,90.62515504533596,C:\InstagramRebuild\instagram_rebuild_mvp\data\thumbs\99846C73-4BD2-45B4-98B9-87F97E1580B7_63737123.jpg,True,,,filesystem_fallback,2026,,,,,none
C:\InstagramRebuild\SOURCE_INSTAGRAM\Instagram_01\Fotos en iCloud\99AF7360-02AE-4730-A8EC-AB9AE400C27B.jpg,99AF7360-02AE-4730-A8EC-AB9AE400C27B.jpg,.jpg,image,0.569,2026-09-05 00:50:32,1320.0,2346.0,2026-03-14 15:44:27,,,648.3075763888888,171.36343402777777,eee6809b33394ac6,56.50959854740194,C:\InstagramRebuild\instagram_rebuild_mvp\data\thumbs\99AF7360-02AE-4730-A8EC-AB9AE400C27B_67778796.jpg,True,,,original_or_video,2026,,,,,none
C:\InstagramRebuild\SOURCE_INSTAGRAM\Instagram_01\Fotos en iCloud\9AB063C3-AD2D-43E3-B481-39C71AC02BF9.jpg,9AB063C3-AD2D-43E3-B481-39C71AC02BF9.jpg,.jpg,image,0.451,2026-09-05 00:41:36,1320.0,2346.0,2026-03-03 20:14:07,,,26.54972076442709,127.29864930555556,ed059be59092c99d,43.93958370972105,C:\InstagramRebuild\instagram_rebuild_mvp\data\thumbs\9AB063C3-AD2D-43E3-B481-39C71AC02BF9_54133969.jpg,True,,,original_or_video,2026,,,,,none
C:\InstagramRebuild\SOURCE_INSTAGRAM\Instagram_01\Fotos en iCloud\9C3D33AC-D02B-40CA-BFE4-9F03FA833102.jpg,9C3D33AC-D02B-40CA-BFE4-9F03FA833102.jpg,.jpg,image,3.615,2026-09-05 00:45:00,3024.0,3780.0,2019-09-04 11:45:46,41.016577777777776,28.970791666666663,2113.7167462333305,105.05325390625,87dc5a4b0e37a4d8,93.57906801423766,C:\InstagramRebuild\instagram_rebuild_mvp\data\thumbs\9C3D33AC-D02B-40CA-BFE4-9F03FA833102_31286538.jpg,True,,,original_or_video,2019,TR,Turquía,Eminoenue,Istanbul,gps
C:\InstagramRebuild\SOURCE_INSTAGRAM\Instagram_01\Fotos en iCloud\9E825F71-6595-4C0E-8E37-CE3CDF783D17.jpg,9E825F71-6595-4C0E-8E37-CE3CDF783D17.jpg,.jpg,image,0.759,2026-09-05 00:48:54,1440.0,1791.0,2026-09-05 00:48:54,,,1129.4650696617057,133.2716271384137,a9d9822c5b6e9cb4,62.40196884843115,C:\InstagramRebuild\instagram_rebuild_mvp\data\thumbs\9E825F71-6595-4C0E-8E37-CE3CDF783D17_38002152.jpg,True,,,filesystem_fallback,2026,,,,,none
C:\InstagramRebuild\SOURCE_INSTAGRAM\Instagram_01\Fotos en iCloud\A0050C8D-F2AC-4494-952E-95FAB6B5B9DF.jpg,A0050C8D-F2AC-4494-952E-95FAB6B5B9DF.jpg,.jpg,image,0.594,2026-09-05 00:48:42,1320.0,2346.0,2026-05-26 19:57:47,,,58.588952458238765,102.59770416666667,909ce7e92bc0ac6d,45.43225892421392,C:\InstagramRebuild\instagram_rebuild_mvp\data\thumbs\A0050C8D-F2AC-4494-952E-95FAB6B5B9DF_97584745.jpg,True,,,original_or_video,2026,,,,,none
C:\InstagramRebuild\SOURCE_INSTAGRAM\Instagram_01\Fotos en iCloud\A03409C7-EF29-4F34-BC08-9510D696ADD6.jpg,A03409C7-EF29-4F34-BC08-9510D696ADD6.jpg,.jpg,image,7.375,2026-09-05 00:44:58,3024.0,3780.0,2023-08-31 16:05:09,9.253030555555556,-82.038825,1483.94701869574,135.7255673828125,ae87d9e07b24948d,93.15195202312673,C:\InstagramRebuild\instagram_rebuild_mvp\data\thumbs\A03409C7-EF29-4F34-BC08-9510D696ADD6_50695673.jpg,True,,,original_or_video,2023,PA,PA,Isla Bastimentos,Bocas del Toro,gps
C:\InstagramRebuild\SOURCE_INSTAGRAM\Instagram_01\Fotos en iCloud\A0AEEF1A-D74D-4BB5-9918-70BD9F5FCE0F.jpg,A0AEEF1A-D74D-4BB5-9918-70BD9F5FCE0F.jpg,.jpg,image,3.725,2026-09-05 00:50:38,3024.0,3780.0,2024-03-14 12:58:27,-2.7971138888888887,-40.518027777777775,3473.980564251327,107.10957470703126,e51340295a693fcf,95.7531371701218,C:\InstagramRebuild\instagram_rebuild_mvp\data\thumbs\A0AEEF1A-D74D-4BB5-9918-70BD9F5FCE0F_25057739.jpg,True,,,original_or_video,2024,BR,Brasil,Camocim,Ceara,gps
C:\InstagramRebuild\SOURCE_INSTAGRAM\Instagram_01\Fotos en iCloud\A156771E-1D42-40B9-872F-734F99C08F0E.jpg,A156771E-1D42-40B9-872F-734F99C08F0E.jpg,.jpg,image,0.725,2026-09-05 00:44:58,1620.0,2025.0,2024-08-17 12:44:49,48.84421666666667,2.3231777777777776,148.22943268505472,152.774322265625,f2532d2ecb6a0713,51.04664148684323,C:\InstagramRebuild\instagram_rebuild_mvp\data\thumbs\A156771E-1D42-40B9-872F-734F99C08F0E_33511185.jpg,True,,,original_or_video,2024,FR,Francia,Paris,Ile-de-France,gps
C:\InstagramRebuild\SOURCE_INSTAGRAM\Instagram_01\Fotos en iCloud\A1719BF8-A1A9-4295-8EC2-77306EAECEDB.jpg,A1719BF8-A1A9-4295-8EC2-77306EAECEDB.jpg,.jpg,image,0.417,2026-09-05 00:44:58,1536.0,1920.0,2024-03-14 17:33:55,-2.796552777777777,-40.517066666666665,67.82887423414208,145.1280576171875,a4c65b3867671c71,46.49217212311118,C:\InstagramRebuild\instagram_rebuild_mvp\data\thumbs\A1719BF8-A1A9-4295-8EC2-77306EAECEDB_30136817.jpg,True,,,original_or_video,2024,BR,Brasil,Camocim,Ceara,gps
C:\InstagramRebuild\SOURCE_INSTAGRAM\Instagram_01\Fotos en iCloud\A18E92BA-3B4B-457A-8203-1B1EE4C3755C.jpg,A18E92BA-3B4B-457A-8203-1B1EE4C3755C.jpg,.jpg,image,0.817,2026-09-05 00:41:28,1320.0,2346.0,2025-09-14 17:42:41,,,392.006295676649,119.80544722222224,94f0ca4b8fa6174e,58.07541884783456,C:\InstagramRebuild\instagram_rebuild_mvp\data\thumbs\A18E92BA-3B4B-457A-8203-1B1EE4C3755C_99748299.jpg,True,,,original_or_video,2025,,,,,none
C:\InstagramRebuild\SOURCE_INSTAGRAM\Instagram_01\Fotos en iCloud\A228EB3D-2E43-44B8-A03E-CD4E9137FF85.jpg,A228EB3D-2E43-44B8-A03E-CD4E9137FF85.jpg,.jpg,image,1.488,2026-09-05 00:44:56,1620.0,2025.0,2024-08-29 13:36:45,40.63355555555555,14.60491388888889,1827.4581371509487,154.2046494140625,c2bdccf11c663c85,64.97251185902687,C:\InstagramRebuild\instagram_rebuild_mvp\data\thumbs\A228EB3D-2E43-44B8-A03E-CD4E9137FF85_88983831.jpg,True,,,original_or_video,2024,IT,Italia,Amalfi,Campania,gps
C:\InstagramRebuild\SOURCE_INSTAGRAM\Instagram_01\Fotos en iCloud\A36EC6FD-DB13-41B9-BE2F-5F55DA9C8044.mov,A36EC6FD-DB13-41B9-BE2F-5F55DA9C8044.mov,.mov,video,24.785,2026-09-05 00:46:02,,,2026-09-05 00:46:02,,,,,,35.0,,False,,ffprobe/ffmpeg no disponible o video no descargado: [WinError 2] El sistema no puede encontrar el archivo especificado,filesystem_fallback,2026,,,,,none
C:\InstagramRebuild\SOURCE_INSTAGRAM\Instagram_01\Fotos en iCloud\A9935279-8E56-4B88-A99F-2B105C624702.mov,A9935279-8E56-4B88-A99F-2B105C624702.mov,.mov,video,2.693,2026-09-05 00:41:32,,,2026-09-05 00:41:32,,,,,,35.0,,False,,ffprobe/ffmpeg no disponible o video no descargado: [WinError 2] El sistema no puede encontrar el archivo especificado,filesystem_fallback,2026,,,,,none
C:\InstagramRebuild\SOURCE_INSTAGRAM\Instagram_01\Fotos en iCloud\AA873426-8C9E-47D4-8473-5674BB09CC9D.jpg,AA873426-8C9E-47D4-8473-5674BB09CC9D.jpg,.jpg,image,0.595,2026-09-05 00:44:20,1284.0,2282.0,2024-04-01 20:43:57,,,51.91165335310136,93.27117013888888,f31b4634e86b8de0,43.10674771484789,C:\InstagramRebuild\instagram_rebuild_mvp\data\thumbs\AA873426-8C9E-47D4-8473-5674BB09CC9D_58099741.jpg,True,,,original_or_video,2024,,,,,none
C:\InstagramRebuild\SOURCE_INSTAGRAM\Instagram_01\Fotos en iCloud\AD53D786-2C46-419A-8E04-6A765896B1E7.jpg,AD53D786-2C46-419A-8E04-6A765896B1E7.jpg,.jpg,image,0.166,2026-09-05 00:46:14,750.0,1334.0,2026-09-05 00:46:14,,,149.26430320313213,126.53410294852574,f1e0871be67aa226,46.47469896682576,C:\InstagramRebuild\instagram_rebuild_mvp\data\thumbs\AD53D786-2C46-419A-8E04-6A765896B1E7_14699161.jpg,True,,,filesystem_fallback,2026,,,,,none
C:\InstagramRebuild\SOURCE_INSTAGRAM\Instagram_01\Fotos en iCloud\AD89F964-8199-419D-81E5-3123526AF227.mov,AD89F964-8199-419D-81E5-3123526AF227.mov,.mov,video,36.888,2026-09-05 00:50:18,,,2026-09-05 00:50:18,,,,,,35.0,,False,,ffprobe/ffmpeg no disponible o video no descargado: [WinError 2] El sistema no puede encontrar el archivo especificado,filesystem_fallback,2026,,,,,none
C:\InstagramRebuild\SOURCE_INSTAGRAM\Instagram_01\Fotos en iCloud\ADC01368-A533-43F2-B59F-CC1AFF8EA886.jpg,ADC01368-A533-43F2-B59F-CC1AFF8EA886.jpg,.jpg,image,0.508,2026-09-05 00:40:28,1284.0,2282.0,2024-06-08 18:17:20,,,188.8618714768397,140.9991652777778,fad8669c86469873,52.62393486960035,C:\InstagramRebuild\instagram_rebuild_mvp\data\thumbs\ADC01368-A533-43F2-B59F-CC1AFF8EA886_63102911.jpg,True,,,original_or_video,2024,,,,,none
C:\InstagramRebuild\SOURCE_INSTAGRAM\Instagram_01\Fotos en iCloud\AF428D8E-F280-45A6-B2BE-12608DDAADDA.jpg,AF428D8E-F280-45A6-B2BE-12608DDAADDA.jpg,.jpg,image,0.466,2026-09-05 00:48:52,1284.0,2282.0,2024-04-26 14:54:33,,,72.44931837773866,128.10799166666666,b4b2034be1a4cecf,48.80444521903482,C:\InstagramRebuild\instagram_rebuild_mvp\data\thumbs\AF428D8E-F280-45A6-B2BE-12608DDAADDA_65965814.jpg,True,,,original_or_video,2024,,,,,none
C:\InstagramRebuild\SOURCE_INSTAGRAM\Instagram_01\Fotos en iCloud\afbe002e09394f0f870d4a76ecf575ed.mov,afbe002e09394f0f870d4a76ecf575ed.mov,.mov,video,15.537,2026-09-05 00:49:04,,,2026-09-05 00:49:04,,,,,,35.0,,False,,ffprobe/ffmpeg no disponible o video no descargado: [WinError 2] El sistema no puede encontrar el archivo especificado,filesystem_fallback,2026,,,,,none
C:\InstagramRebuild\SOURCE_INSTAGRAM\Instagram_01\Fotos en iCloud\b2dc225a30ad4a0f871d78882e0599d1.mov,b2dc225a30ad4a0f871d78882e0599d1.mov,.mov,video,9.9,2026-09-05 00:43:46,,,2026-09-05 00:43:46,,,,,,35.0,,False,,ffprobe/ffmpeg no disponible o video no descargado: [WinError 2] El sistema no puede encontrar el archivo especificado,filesystem_fallback,2026,,,,,none
C:\InstagramRebuild\SOURCE_INSTAGRAM\Instagram_01\Fotos en iCloud\B4E27DBD-4022-4D9E-940D-188089175CAE.jpg,B4E27DBD-4022-4D9E-940D-188089175CAE.jpg,.jpg,image,0.453,2026-09-05 00:50:32,1320.0,2346.0,2026-03-03 20:14:07,,,25.17458604000001,126.9573361111111,ed059be59092c99d,43.68179875417229,C:\InstagramRebuild\instagram_rebuild_mvp\data\thumbs\B4E27DBD-4022-4D9E-940D-188089175CAE_63583851.jpg,True,,,original_or_video,2026,,,,,none
C:\InstagramRebuild\SOURCE_INSTAGRAM\Instagram_01\Fotos en iCloud\B64D5828-7F9C-47D0-87C5-9A68DD43D1AF.jpg,B64D5828-7F9C-47D0-87C5-9A68DD43D1AF.jpg,.jpg,image,0.519,2026-09-05 00:44:50,1320.0,2346.0,2025-11-08 15:06:08,,,29.63248207534673,116.23294652777778,c2423f3e2bbdd049,43.29979362425247,C:\InstagramRebuild\instagram_rebuild_mvp\data\thumbs\B64D5828-7F9C-47D0-87C5-9A68DD43D1AF_20818056.jpg,True,,,original_or_video,2025,,,,,none
C:\InstagramRebuild\SOURCE_INSTAGRAM\Instagram_01\Fotos en iCloud\B6AE4AFA-24A4-4917-8BC0-0CF891064ABA.jpg,B6AE4AFA-24A4-4917-8BC0-0CF891064ABA.jpg,.jpg,image,2.566,2026-09-05 00:42:00,4032.0,3021.0,2019-09-02 06:21:05,38.64785277777778,34.864691666666666,1100.166442500871,174.79625781901584,d1c23d6e9340937d,88.75297750671373,C:\InstagramRebuild\instagram_rebuild_mvp\data\thumbs\B6AE4AFA-24A4-4917-8BC0-0CF891064ABA_24521622.jpg,True,,,original_or_video,2019,TR,Turquía,Goereme,Nevsehir,gps
C:\InstagramRebuild\SOURCE_INSTAGRAM\Instagram_01\Fotos en iCloud\B84BBBD2-22E7-4CBF-A31B-2ED0A8263BEF.jpg,B84BBBD2-22E7-4CBF-A31B-2ED0A8263BEF.jpg,.jpg,image,0.729,2026-09-05 00:47:50,1320.0,2346.0,2026-01-06 20:32:20,,,487.1521802005381,94.47260069444444,d0c06b7f6bc0d0d5,56.30285919514347,C:\InstagramRebuild\instagram_rebuild_mvp\data\thumbs\B84BBBD2-22E7-4CBF-A31B-2ED0A8263BEF_50411358.jpg,True,,,original_or_video,2026,,,,,none
C:\InstagramRebuild\SOURCE_INSTAGRAM\Instagram_01\Fotos en iCloud\B9C3C53F-0A38-40A3-B66B-4F1DA1F75499.jpg,B9C3C53F-0A38-40A3-B66B-4F1DA1F75499.jpg,.jpg,image,1.261,2026-09-05 00:47:26,1320.0,2346.0,2025-07-06 15:13:22,-29.98132777777777,-70.94010833333334,1753.2810309633287,124.79601944444444,d18cd3247b2cda2e,67.0797932403102,C:\InstagramRebuild\instagram_rebuild_mvp\data\thumbs\B9C3C53F-0A38-40A3-B66B-4F1DA1F75499_49126087.jpg,True,,,original_or_video,2025,CL,Chile,Vicuna,Coquimbo,gps
C:\InstagramRebuild\SOURCE_INSTAGRAM\Instagram_01\Fotos en iCloud\BBEB32AF-E9DB-4663-A955-335BDBDC9507-1.jpg,BBEB32AF-E9DB-4663-A955-335BDBDC9507-1.jpg,.jpg,image,0.942,2026-09-05 00:46:12,1284.0,2282.0,2024-06-08 18:18:52,,,952.7984034684022,113.36106875,891b5e7466a38cda,61.74610697575986,C:\InstagramRebuild\instagram_rebuild_mvp\data\thumbs\BBEB32AF-E9DB-4663-A955-335BDBDC9507-1_67868276.jpg,True,,,original_or_video,2024,,,,,none
C:\InstagramRebuild\SOURCE_INSTAGRAM\Instagram_01\Fotos en iCloud\BBEB32AF-E9DB-4663-A955-335BDBDC9507.jpg,BBEB32AF-E9DB-4663-A955-335BDBDC9507.jpg,.jpg,image,0.942,2026-09-05 00:46:12,1284.0,2282.0,2024-06-08 18:18:52,,,952.7984034684022,113.36106875,891b5e7466a38cda,61.74610697575986,C:\InstagramRebuild\instagram_rebuild_mvp\data\thumbs\BBEB32AF-E9DB-4663-A955-335BDBDC9507_40481223.jpg,True,,,original_or_video,2024,,,,,none
C:\InstagramRebuild\SOURCE_INSTAGRAM\Instagram_01\Fotos en iCloud\BCD7EDAB-A894-492F-93D5-09BC382112D3.jpg,BCD7EDAB-A894-492F-93D5-09BC382112D3.jpg,.jpg,image,0.608,2026-09-05 00:47:52,1320.0,2346.0,2026-01-21 22:40:48,,,344.0109352451154,90.11446041666666,fe93d1da0012d5b6,53.835955841708696,C:\InstagramRebuild\instagram_rebuild_mvp\data\thumbs\BCD7EDAB-A894-492F-93D5-09BC382112D3_76241746.jpg,True,,,original_or_video,2026,,,,,none
C:\InstagramRebuild\SOURCE_INSTAGRAM\Instagram_01\Fotos en iCloud\BD2941A8-43E4-44FC-9F49-13D18CFD13D0.jpg,BD2941A8-43E4-44FC-9F49-13D18CFD13D0.jpg,.jpg,image,0.236,2026-09-05 00:47:58,1320.0,2346.0,2026-09-05 00:47:58,,,42.96442484221448,156.5791840277778,e1927f896038cdf2,43.11031247798371,C:\InstagramRebuild\instagram_rebuild_mvp\data\thumbs\BD2941A8-43E4-44FC-9F49-13D18CFD13D0_37099380.jpg,True,,,filesystem_fallback,2026,,,,,none
C:\InstagramRebuild\SOURCE_INSTAGRAM\Instagram_01\Fotos en iCloud\bd4b82fa36ff4a22ba63755d1fa29cae.mov,bd4b82fa36ff4a22ba63755d1fa29cae.mov,.mov,video,0.062,2026-09-05 00:41:28,,,2026-09-05 00:41:28,,,,,,35.0,,False,,ffprobe/ffmpeg no disponible o video no descargado: [WinError 2] El sistema no puede encontrar el archivo especificado,filesystem_fallback,2026,,,,,none
C:\InstagramRebuild\SOURCE_INSTAGRAM\Instagram_01\Fotos en iCloud\BEDB9BFF-E2F7-421C-9FAB-2169F5D0D012.mov,BEDB9BFF-E2F7-421C-9FAB-2169F5D0D012.mov,.mov,video,2.627,2026-09-05 00:41:32,,,2026-09-05 00:41:32,,,,,,35.0,,False,,ffprobe/ffmpeg no disponible o video no descargado: [WinError 2] El sistema no puede encontrar el archivo especificado,filesystem_fallback,2026,,,,,none
C:\InstagramRebuild\SOURCE_INSTAGRAM\Instagram_01\Fotos en iCloud\BF6504C2-CA61-45E6-904A-DD5DE87B0DDF.jpg,BF6504C2-CA61-45E6-904A-DD5DE87B0DDF.jpg,.jpg,image,16.332,2026-09-05 00:48:00,3072.0,4096.0,2026-02-01 17:12:02,25.730227777777777,32.65582777777777,344.9118019097221,129.13386614583334,948b320f978b2f0f,87.63275263613438,C:\InstagramRebuild\instagram_rebuild_mvp\data\thumbs\BF6504C2-CA61-45E6-904A-DD5DE87B0DDF_46522580.jpg,True,,,original_or_video,2026,EG,Egipto,Luxor,Luxor,gps
C:\InstagramRebuild\SOURCE_INSTAGRAM\Instagram_01\Fotos en iCloud\C1D29EA5-B31E-4CE5-AC41-D3F406F61ECE.jpg,C1D29EA5-B31E-4CE5-AC41-D3F406F61ECE.jpg,.jpg,image,0.39,2026-09-05 00:40:38,1284.0,2282.0,2024-03-31 13:43:03,,,27.12162277759981,100.87507013888889,f8aa241ff02137da,40.44936896827504,C:\InstagramRebuild\instagram_rebuild_mvp\data\thumbs\C1D29EA5-B31E-4CE5-AC41-D3F406F61ECE_08901433.jpg,True,,,original_or_video,2024,,,,,none
C:\InstagramRebuild\SOURCE_INSTAGRAM\Instagram_01\Fotos en iCloud\C4111D7D-65C4-42D1-A50E-98EF75D0E427.jpg,C4111D7D-65C4-42D1-A50E-98EF75D0E427.jpg,.jpg,image,1.112,2026-09-05 00:47:36,1320.0,2346.0,2025-09-16 11:31:48,,,981.9372094728008,116.6147388888889,f89887add4949ad8,62.85511134140837,C:\InstagramRebuild\instagram_rebuild_mvp\data\thumbs\C4111D7D-65C4-42D1-A50E-98EF75D0E427_99496863.jpg,True,,,original_or_video,2025,,,,,none
C:\InstagramRebuild\SOURCE_INSTAGRAM\Instagram_01\Fotos en iCloud\C6A8CC37-0E1F-493D-AAD2-7B7E0316962D.jpg,C6A8CC37-0E1F-493D-AAD2-7B7E0316962D.jpg,.jpg,image,1.196,2026-09-05 00:41:30,1320.0,2346.0,2026-02-11 23:14:32,,,193.72999051634065,125.80995972222222,df1740a03ed1de68,54.834672446121736,C:\InstagramRebuild\instagram_rebuild_mvp\data\thumbs\C6A8CC37-0E1F-493D-AAD2-7B7E0316962D_03492781.jpg,True,,,original_or_video,2026,,,,,none
C:\InstagramRebuild\SOURCE_INSTAGRAM\Instagram_01\Fotos en iCloud\C88AFD17-50D0-4D57-8108-462BED6EBCE8.jpg,C88AFD17-50D0-4D57-8108-462BED6EBCE8.jpg,.jpg,image,0.419,2026-09-05 00:50:36,1471.0,1471.0,2024-09-04 14:52:39,38.88060277777778,1.4024333333333332,116.60603713181564,133.4673920126294,81d3571d6c33734c,48.26522771793872,C:\InstagramRebuild\instagram_rebuild_mvp\data\thumbs\C88AFD17-50D0-4D57-8108-462BED6EBCE8_98292824.jpg,True,,,original_or_video,2024,ES,España,Ibiza,Balearic Islands,gps
C:\InstagramRebuild\SOURCE_INSTAGRAM\Instagram_01\Fotos en iCloud\CAF9727A-7D71-4ABF-B549-A98F54E67E0D.jpg,CAF9727A-7D71-4ABF-B549-A98F54E67E0D.jpg,.jpg,image,1.405,2026-09-05 00:44:58,1620.0,2025.0,2024-08-17 12:13:48,48.84423888888889,2.3232138888888887,1331.7619802932354,117.80230078125,c2c4d5ec2b68d5c5,65.32058176217379,C:\InstagramRebuild\instagram_rebuild_mvp\data\thumbs\CAF9727A-7D71-4ABF-B549-A98F54E67E0D_49807790.jpg,True,,,original_or_video,2024,FR,Francia,Paris,Ile-de-France,gps
C:\InstagramRebuild\SOURCE_INSTAGRAM\Instagram_01\Fotos en iCloud\CC678010-9037-4989-9775-86896060B948.jpg,CC678010-9037-4989-9775-86896060B948.jpg,.jpg,image,1.728,2026-09-05 00:50:38,3024.0,3780.0,2024-03-14 17:40:24,-2.7966694444444444,-40.51700555555556,143.0512684287965,114.194455078125,c19492c5968f9f4e,79.54713619103835,C:\InstagramRebuild\instagram_rebuild_mvp\data\thumbs\CC678010-9037-4989-9775-86896060B948_52151477.jpg,True,,,original_or_video,2024,BR,Brasil,Camocim,Ceara,gps
C:\InstagramRebuild\SOURCE_INSTAGRAM\Instagram_01\Fotos en iCloud\CCB4E656-CF3A-4E28-A322-09BB7F9559F0.jpg,CCB4E656-CF3A-4E28-A322-09BB7F9559F0.jpg,.jpg,image,0.913,2026-09-05 00:49:44,1284.0,2282.0,2024-12-23 14:58:04,,,1148.2845102827305,126.52022777777778,be50b6cb288fc585,64.3490775925309,C:\InstagramRebuild\instagram_rebuild_mvp\data\thumbs\CCB4E656-CF3A-4E28-A322-09BB7F9559F0_00268689.jpg,True,,,original_or_video,2024,,,,,none
C:\InstagramRebuild\SOURCE_INSTAGRAM\Instagram_01\Fotos en iCloud\D1E0715B-2636-44CC-8D66-CAA62EB0DCFC.jpg,D1E0715B-2636-44CC-8D66-CAA62EB0DCFC.jpg,.jpg,image,1.223,2026-09-05 00:50:12,1320.0,2346.0,2026-02-16 17:48:28,,,278.78293042515423,122.14455,fbad187340cd24f4,56.44025070744603,C:\InstagramRebuild\instagram_rebuild_mvp\data\thumbs\D1E0715B-2636-44CC-8D66-CAA62EB0DCFC_43112875.jpg,True,,,original_or_video,2026,,,,,none
C:\InstagramRebuild\SOURCE_INSTAGRAM\Instagram_01\Fotos en iCloud\D2011208-8C2E-4ACB-B39F-16C5857B846A.jpg,D2011208-8C2E-4ACB-B39F-16C5857B846A.jpg,.jpg,image,2.086,2026-09-05 00:50:36,3024.0,3780.0,2024-08-27 12:18:05,37.97173611111111,23.72630277777777,383.0408119290062,131.87792333984376,9c431c24db26f99e,85.99922947959617,C:\InstagramRebuild\instagram_rebuild_mvp\data\thumbs\D2011208-8C2E-4ACB-B39F-16C5857B846A_59039257.jpg,True,,,original_or_video,2024,GR,Grecia,Athens,Attica,gps
C:\InstagramRebuild\SOURCE_INSTAGRAM\Instagram_01\Fotos en iCloud\D24511C3-5E5B-4BD0-AB01-4BBDBA432E6A.jpg,D24511C3-5E5B-4BD0-AB01-4BBDBA432E6A.jpg,.jpg,image,3.429,2026-09-05 00:43:40,4032.0,3024.0,2024-09-02 19:26:52,,,1390.918402758722,148.13768125,92f778c377c21d08,93.21963846454425,C:\InstagramRebuild\instagram_rebuild_mvp\data\thumbs\D24511C3-5E5B-4BD0-AB01-4BBDBA432E6A_65393078.jpg,True,,,original_or_video,2024,,,,,none
C:\InstagramRebuild\SOURCE_INSTAGRAM\Instagram_01\Fotos en iCloud\D2CA8317-167E-4D8A-A223-41D0E7113C10.jpg,D2CA8317-167E-4D8A-A223-41D0E7113C10.jpg,.jpg,image,3.759,2026-09-05 00:43:26,3024.0,3780.0,2026-09-05 00:43:26,,,2241.8420329469936,102.38384912109376,cdcf0a1cbc1071ed,93.59466307247985,C:\InstagramRebuild\instagram_rebuild_mvp\data\thumbs\D2CA8317-167E-4D8A-A223-41D0E7113C10_74372357.jpg,True,,,filesystem_fallback,2026,,,,,none
C:\InstagramRebuild\SOURCE_INSTAGRAM\Instagram_01\Fotos en iCloud\D460A299-D7E8-4C1A-B769-7EBB182AC7B6.jpg,D460A299-D7E8-4C1A-B769-7EBB182AC7B6.jpg,.jpg,image,0.496,2026-09-05 00:50:10,1440.0,1920.0,2026-09-05 00:50:10,,,268.2544754759113,135.71423020833333,843b0bec24f3cf1c,54.66233048734279,C:\InstagramRebuild\instagram_rebuild_mvp\data\thumbs\D460A299-D7E8-4C1A-B769-7EBB182AC7B6_05095381.jpg,True,,,filesystem_fallback,2026,,,,,none
C:\InstagramRebuild\SOURCE_INSTAGRAM\Instagram_01\Fotos en iCloud\D4E24D03-AA47-4E35-A91E-68E0F8C550D1.mov,D4E24D03-AA47-4E35-A91E-68E0F8C550D1.mov,.mov,video,11.675,2026-09-05 00:47:46,,,2026-09-05 00:47:46,,,,,,35.0,,False,,ffprobe/ffmpeg no disponible o video no descargado: [WinError 2] El sistema no puede encontrar el archivo especificado,filesystem_fallback,2026,,,,,none
C:\InstagramRebuild\SOURCE_INSTAGRAM\Instagram_01\Fotos en iCloud\D4E4B646-E67D-4BFE-B0C8-7BE7EAA92273.jpg,D4E4B646-E67D-4BFE-B0C8-7BE7EAA92273.jpg,.jpg,image,0.554,2026-09-05 00:50:32,1320.0,2346.0,2026-03-14 15:44:27,,,597.4076888888889,174.22973472222222,eee6909b33314ac6,55.71186642589727,C:\InstagramRebuild\instagram_rebuild_mvp\data\thumbs\D4E4B646-E67D-4BFE-B0C8-7BE7EAA92273_62542736.jpg,True,,,original_or_video,2026,,,,,none
C:\InstagramRebuild\SOURCE_INSTAGRAM\Instagram_01\Fotos en iCloud\D603547A-F326-4925-91D5-FBA032AC61C5.jpg,D603547A-F326-4925-91D5-FBA032AC61C5.jpg,.jpg,image,13.136,2026-09-05 00:48:06,3072.0,4096.0,2026-01-30 10:13:02,29.9746,31.138011111111112,270.03376595563134,97.42483020833332,c65e4926d5992ac7,83.01948889505995,C:\InstagramRebuild\instagram_rebuild_mvp\data\thumbs\D603547A-F326-4925-91D5-FBA032AC61C5_03648282.jpg,True,,,original_or_video,2026,EG,Egipto,Al Jizah,Al Jizah,gps
C:\InstagramRebuild\SOURCE_INSTAGRAM\Instagram_01\Fotos en iCloud\D7123DD9-913E-4607-AB9D-23A8599BB4A9.jpg,D7123DD9-913E-4607-AB9D-23A8599BB4A9.jpg,.jpg,image,3.376,2026-09-05 00:41:58,3024.0,3780.0,2024-03-14 12:57:49,-2.796872222222222,-40.51815833333333,678.2443105123816,102.65562744140624,97b59519aa8a4ad5,86.90759781224966,C:\InstagramRebuild\instagram_rebuild_mvp\data\thumbs\D7123DD9-913E-4607-AB9D-23A8599BB4A9_15737770.jpg,True,,,original_or_video,2024,BR,Brasil,Camocim,Ceara,gps
C:\InstagramRebuild\SOURCE_INSTAGRAM\Instagram_01\Fotos en iCloud\D8AB0515-7375-4A06-8F4E-7964420CF795.jpg,D8AB0515-7375-4A06-8F4E-7964420CF795.jpg,.jpg,image,0.183,2026-09-05 00:48:54,750.0,1334.0,2026-09-05 00:48:54,,,294.21289070868744,118.90061669165418,99ba9319e47e883c,49.37167419631575,C:\InstagramRebuild\instagram_rebuild_mvp\data\thumbs\D8AB0515-7375-4A06-8F4E-7964420CF795_75496625.jpg,True,,,filesystem_fallback,2026,,,,,none
C:\InstagramRebuild\SOURCE_INSTAGRAM\Instagram_01\Fotos en iCloud\DB9CFA98-7AC6-4A58-A981-BB80B87E2B45.jpg,DB9CFA98-7AC6-4A58-A981-BB80B87E2B45.jpg,.jpg,image,1.195,2026-09-05 00:50:02,1320.0,2346.0,2025-09-14 17:41:37,,,1036.3667887787017,116.818575,9afa9f494de0e094,63.182349255395934,C:\InstagramRebuild\instagram_rebuild_mvp\data\thumbs\DB9CFA98-7AC6-4A58-A981-BB80B87E2B45_43908786.jpg,True,,,original_or_video,2025,,,,,none
C:\InstagramRebuild\SOURCE_INSTAGRAM\Instagram_01\Fotos en iCloud\DBA79DD3-EBB0-478B-A8B8-D0F79E6FC366.jpg,DBA79DD3-EBB0-478B-A8B8-D0F79E6FC366.jpg,.jpg,image,4.669,2026-09-05 00:45:00,3024.0,3780.0,2019-09-04 15:49:25,41.01076111111111,28.96720277777777,2753.304843847658,96.52264794921877,d4fc3c06109f1b1f,94.05788980002605,C:\InstagramRebuild\instagram_rebuild_mvp\data\thumbs\DBA79DD3-EBB0-478B-A8B8-D0F79E6FC366_79423984.jpg,True,,,original_or_video,2019,TR,Turquía,Eminoenue,Istanbul,gps
C:\InstagramRebuild\SOURCE_INSTAGRAM\Instagram_01\Fotos en iCloud\DE28766C-C643-48E5-B6FC-477FC7EEABCA.jpg,DE28766C-C643-48E5-B6FC-477FC7EEABCA.jpg,.jpg,image,1.136,2026-09-05 00:50:02,1320.0,2346.0,2025-09-12 17:18:58,,,717.7253582471831,115.92841944444444,ff7e6f8180c26c44,61.013054109070666,C:\InstagramRebuild\instagram_rebuild_mvp\data\thumbs\DE28766C-C643-48E5-B6FC-477FC7EEABCA_50396049.jpg,True,,,original_or_video,2025,,,,,none
C:\InstagramRebuild\SOURCE_INSTAGRAM\Instagram_01\Fotos en iCloud\df811f179b424cc1b9b2780ea174fd28.mov,df811f179b424cc1b9b2780ea174fd28.mov,.mov,video,9.757,2026-09-05 00:40:42,,,2026-09-05 00:40:42,,,,,,35.0,,False,,ffprobe/ffmpeg no disponible o video no descargado: [WinError 2] El sistema no puede encontrar el archivo especificado,filesystem_fallback,2026,,,,,none
C:\InstagramRebuild\SOURCE_INSTAGRAM\Instagram_01\Fotos en iCloud\DFC7DBA9-9D8C-48C4-8B23-F78A4F4DA32F.jpg,DFC7DBA9-9D8C-48C4-8B23-F78A4F4DA32F.jpg,.jpg,image,5.214,2026-09-05 00:50:38,3024.0,3780.0,2024-04-26 10:39:19,-4.116655555555555,-81.08473333333333,2833.544484863274,96.2253466796875,c1fce16338092dde,94.18430389515368,C:\InstagramRebuild\instagram_rebuild_mvp\data\thumbs\DFC7DBA9-9D8C-48C4-8B23-F78A4F4DA32F_55597034.jpg,True,,,original_or_video,2024,PE,Perú,Mancora,Piura,gps
C:\InstagramRebuild\SOURCE_INSTAGRAM\Instagram_01\Fotos en iCloud\E063BA69-F09A-42B3-A3A5-C24B2E5570B8.jpg,E063BA69-F09A-42B3-A3A5-C24B2E5570B8.jpg,.jpg,image,1.1,2026-09-05 00:50:18,1440.0,1920.0,2026-09-05 00:50:18,,,1930.1322262628585,106.08758020833334,8fbd3d9472a2c438,64.30400153383631,C:\InstagramRebuild\instagram_rebuild_mvp\data\thumbs\E063BA69-F09A-42B3-A3A5-C24B2E5570B8_28853563.jpg,True,,,filesystem_fallback,2026,,,,,none
C:\InstagramRebuild\SOURCE_INSTAGRAM\Instagram_01\Fotos en iCloud\E0DFBB0A-72B9-4C71-96ED-93A27CA1B2E7.jpg,E0DFBB0A-72B9-4C71-96ED-93A27CA1B2E7.jpg,.jpg,image,0.213,2026-09-05 00:44:50,1320.0,2346.0,2026-09-05 00:44:50,,,22.8247680209182,136.77308333333335,a7854098d576e1de,42.00343095283706,C:\InstagramRebuild\instagram_rebuild_mvp\data\thumbs\E0DFBB0A-72B9-4C71-96ED-93A27CA1B2E7_83913931.jpg,True,,,filesystem_fallback,2026,,,,,none
C:\InstagramRebuild\SOURCE_INSTAGRAM\Instagram_01\Fotos en iCloud\E5334AAD-0233-414F-BE1A-6E76370FA40A.jpg,E5334AAD-0233-414F-BE1A-6E76370FA40A.jpg,.jpg,image,1.152,2026-09-05 00:47:56,1440.0,1920.0,2026-09-05 00:47:56,,,3016.697185418355,93.972359375,8d8f9e38b32786a4,65.31509756397638,C:\InstagramRebuild\instagram_rebuild_mvp\data\thumbs\E5334AAD-0233-414F-BE1A-6E76370FA40A_49271231.jpg,True,,,filesystem_fallback,2026,,,,,none
C:\InstagramRebuild\SOURCE_INSTAGRAM\Instagram_01\Fotos en iCloud\e6e5314c1b514fc48cbc65fd338ff06a.mov,e6e5314c1b514fc48cbc65fd338ff06a.mov,.mov,video,1.545,2026-09-05 00:43:46,,,2026-09-05 00:43:46,,,,,,35.0,,False,,ffprobe/ffmpeg no disponible o video no descargado: [WinError 2] El sistema no puede encontrar el archivo especificado,filesystem_fallback,2026,,,,,none
C:\InstagramRebuild\SOURCE_INSTAGRAM\Instagram_01\Fotos en iCloud\E7AA6799-2014-4C24-89BE-D6378F7B3E5A.jpg,E7AA6799-2014-4C24-89BE-D6378F7B3E5A.jpg,.jpg,image,0.224,2026-09-05 00:43:28,750.0,1334.0,2026-09-05 00:43:28,,,151.9028882055484,114.67608995502248,fafaf8899f680504,45.17206196115803,C:\InstagramRebuild\instagram_rebuild_mvp\data\thumbs\E7AA6799-2014-4C24-89BE-D6378F7B3E5A_09401969.jpg,True,,,filesystem_fallback,2026,,,,,none
C:\InstagramRebuild\SOURCE_INSTAGRAM\Instagram_01\Fotos en iCloud\EC8A6044-B084-4B77-A206-AC7EF6F860A3.jpg,EC8A6044-B084-4B77-A206-AC7EF6F860A3.jpg,.jpg,image,3.306,2026-09-05 00:41:58,2524.0,3155.0,2023-08-30 16:22:54,9.237891666666666,-82.21894166666667,2045.591582569577,90.41111767578126,d19c76631cbdc318,80.10715726470565,C:\InstagramRebuild\instagram_rebuild_mvp\data\thumbs\EC8A6044-B084-4B77-A206-AC7EF6F860A3_73096538.jpg,True,,,original_or_video,2023,PA,PA,Cauchero,Bocas del Toro,gps
C:\InstagramRebuild\SOURCE_INSTAGRAM\Instagram_01\Fotos en iCloud\ECBA091E-730E-42C0-9BC1-D5712F62767E.mov,ECBA091E-730E-42C0-9BC1-D5712F62767E.mov,.mov,video,24.771,2026-09-05 00:48:44,,,2026-09-05 00:48:44,,,,,,35.0,,False,,ffprobe/ffmpeg no disponible o video no descargado: [WinError 2] El sistema no puede encontrar el archivo especificado,filesystem_fallback,2026,,,,,none
C:\InstagramRebuild\SOURCE_INSTAGRAM\Instagram_01\Fotos en iCloud\EDA3D4E4-8B83-4F19-AA60-5FF22034B443.jpg,EDA3D4E4-8B83-4F19-AA60-5FF22034B443.jpg,.jpg,image,18.439,2026-09-05 00:41:54,3024.0,4032.0,2026-01-30 09:23:58,29.98024444444444,31.133016666666663,345.393557188063,100.9388890625,81d71f6c2db1c20f,84.81452865260594,C:\InstagramRebuild\instagram_rebuild_mvp\data\thumbs\EDA3D4E4-8B83-4F19-AA60-5FF22034B443_54456112.jpg,True,,,original_or_video,2026,EG,Egipto,Al Jizah,Al Jizah,gps
C:\InstagramRebuild\SOURCE_INSTAGRAM\Instagram_01\Fotos en iCloud\EE91E6F3-AD7E-475F-92A4-E5C1A38FC7CC.jpg,EE91E6F3-AD7E-475F-92A4-E5C1A38FC7CC.jpg,.jpg,image,0.956,2026-09-05 00:47:36,1320.0,2346.0,2025-07-20 16:53:09,,,322.3565354560937,144.71920833333334,fe97cb68c0c88f42,55.73508002722012,C:\InstagramRebuild\instagram_rebuild_mvp\data\thumbs\EE91E6F3-AD7E-475F-92A4-E5C1A38FC7CC_45368033.jpg,True,,,original_or_video,2025,,,,,none
C:\InstagramRebuild\SOURCE_INSTAGRAM\Instagram_01\Fotos en iCloud\EEE05F93-041F-4FD6-8367-89D555C25428.jpg,EEE05F93-041F-4FD6-8367-89D555C25428.jpg,.jpg,image,0.385,2026-09-05 00:48:52,1284.0,2282.0,2026-09-05 00:48:52,,,462.9326675923997,152.66842916666667,94ea9b35ca820df3,56.27129005442931,C:\InstagramRebuild\instagram_rebuild_mvp\data\thumbs\EEE05F93-041F-4FD6-8367-89D555C25428_07335143.jpg,True,,,filesystem_fallback,2026,,,,,none
C:\InstagramRebuild\SOURCE_INSTAGRAM\Instagram_01\Fotos en iCloud\F0BFB2D4-5824-46FB-AFBE-A65714B4FF10.jpg,F0BFB2D4-5824-46FB-AFBE-A65714B4FF10.jpg,.jpg,image,0.788,2026-09-05 00:46:06,1284.0,2282.0,2024-04-29 10:44:47,,,217.278619871157,105.83092291666668,fafa030575d5c605,52.56164460260232,C:\InstagramRebuild\instagram_rebuild_mvp\data\thumbs\F0BFB2D4-5824-46FB-AFBE-A65714B4FF10_30532239.jpg,True,,,original_or_video,2024,,,,,none
C:\InstagramRebuild\SOURCE_INSTAGRAM\Instagram_01\Fotos en iCloud\F47C9025-F2EB-45B5-B491-F34E6035E791.jpg,F47C9025-F2EB-45B5-B491-F34E6035E791.jpg,.jpg,image,2.398,2026-09-05 00:44:56,3024.0,3780.0,2024-08-27 12:18:11,37.97173055555556,23.726288888888888,378.5182921635128,144.32787109375,817c5f033e8d83c7,84.46212928149174,C:\InstagramRebuild\instagram_rebuild_mvp\data\thumbs\F47C9025-F2EB-45B5-B491-F34E6035E791_51067545.jpg,True,,,original_or_video,2024,GR,Grecia,Athens,Attica,gps
C:\InstagramRebuild\SOURCE_INSTAGRAM\Instagram_01\Fotos en iCloud\F4A3360A-5B4E-4C71-A84B-9DEE25A93842.jpg,F4A3360A-5B4E-4C71-A84B-9DEE25A93842.jpg,.jpg,image,0.494,2026-09-05 00:52:12,1320.0,2346.0,2026-04-24 22:24:03,,,16.905509595377616,100.97482083333334,8f58e5351ec21d5c,38.477295051568575,C:\InstagramRebuild\instagram_rebuild_mvp\data\thumbs\F4A3360A-5B4E-4C71-A84B-9DEE25A93842_30508650.jpg,True,,,original_or_video,2026,,,,,none
C:\InstagramRebuild\SOURCE_INSTAGRAM\Instagram_01\Fotos en iCloud\f4ac7bdc7bf24a46bce3c3428a19366d.mov,f4ac7bdc7bf24a46bce3c3428a19366d.mov,.mov,video,4.626,2026-09-05 00:41:04,,,2026-09-05 00:41:04,,,,,,35.0,,False,,ffprobe/ffmpeg no disponible o video no descargado: [WinError 2] El sistema no puede encontrar el archivo especificado,filesystem_fallback,2026,,,,,none
C:\InstagramRebuild\SOURCE_INSTAGRAM\Instagram_01\Fotos en iCloud\F537ABAC-686D-4EFA-935E-0E5303BF7254.jpg,F537ABAC-686D-4EFA-935E-0E5303BF7254.jpg,.jpg,image,0.912,2026-09-05 00:41:58,2033.0,2541.0,2023-08-30 18:27:14,9.237888888888888,-82.21891666666667,102.48903608323664,90.47839453125,d5e2aaf4e7c26288,54.00292897579888,C:\InstagramRebuild\instagram_rebuild_mvp\data\thumbs\F537ABAC-686D-4EFA-935E-0E5303BF7254_88117409.jpg,True,,,original_or_video,2023,PA,PA,Cauchero,Bocas del Toro,gps
C:\InstagramRebuild\SOURCE_INSTAGRAM\Instagram_01\Fotos en iCloud\F6299305-5C51-4642-877F-58C956AC3DB2.jpg,F6299305-5C51-4642-877F-58C956AC3DB2.jpg,.jpg,image,0.54,2026-09-05 00:52:12,1284.0,2282.0,2024-09-04 16:38:16,,,57.32710127404324,119.8432625,eca4d4b523c3c2cb,46.79330204219079,C:\InstagramRebuild\instagram_rebuild_mvp\data\thumbs\F6299305-5C51-4642-877F-58C956AC3DB2_47102380.jpg,True,,,original_or_video,2024,,,,,none
C:\InstagramRebuild\SOURCE_INSTAGRAM\Instagram_01\Fotos en iCloud\F6C8D80C-2EC3-4F0D-A9C5-C970227BD11F.jpg,F6C8D80C-2EC3-4F0D-A9C5-C970227BD11F.jpg,.jpg,image,2.436,2026-09-05 00:41:58,3024.0,3780.0,2019-09-02 06:49:03,38.633544444444446,34.837069444444445,759.0644013622435,154.36164892578125,d2a741669cec07b3,87.1836020038213,C:\InstagramRebuild\instagram_rebuild_mvp\data\thumbs\F6C8D80C-2EC3-4F0D-A9C5-C970227BD11F_05591356.jpg,True,,,original_or_video,2019,TR,Turquía,Goereme,Nevsehir,gps
C:\InstagramRebuild\SOURCE_INSTAGRAM\Instagram_01\Fotos en iCloud\F91057A9-9748-4437-AF3C-98E7A2B946EF.jpg,F91057A9-9748-4437-AF3C-98E7A2B946EF.jpg,.jpg,image,13.337,2026-09-05 00:50:34,3072.0,4096.0,2026-02-01 17:12:02,25.730227777777777,32.65582777777777,191.796548141032,96.85336041666666,918b320f9f8b2f0b,81.03607284234039,C:\InstagramRebuild\instagram_rebuild_mvp\data\thumbs\F91057A9-9748-4437-AF3C-98E7A2B946EF_97530617.jpg,True,,,original_or_video,2026,EG,Egipto,Luxor,Luxor,gps
C:\InstagramRebuild\SOURCE_INSTAGRAM\Instagram_01\Fotos en iCloud\FA33156E-79F2-4703-93C5-3B3D00BBB300.jpg,FA33156E-79F2-4703-93C5-3B3D00BBB300.jpg,.jpg,image,1.087,2026-09-05 00:41:30,1440.0,1920.0,2026-09-05 00:41:30,,,1236.6584544972975,94.0543046875,91917a4227a97b5d,60.38026912704113,C:\InstagramRebuild\instagram_rebuild_mvp\data\thumbs\FA33156E-79F2-4703-93C5-3B3D00BBB300_13956169.jpg,True,,,filesystem_fallback,2026,,,,,none
C:\InstagramRebuild\SOURCE_INSTAGRAM\Instagram_01\Fotos en iCloud\FD77925A-066A-430D-8724-4184884A3585.mov,FD77925A-066A-430D-8724-4184884A3585.mov,.mov,video,20.121,2026-09-05 00:41:36,,,2026-09-05 00:41:36,,,,,,35.0,,False,,ffprobe/ffmpeg no disponible o video no descargado: [WinError 2] El sistema no puede encontrar el archivo especificado,filesystem_fallback,2026,,,,,none
C:\InstagramRebuild\SOURCE_INSTAGRAM\Instagram_01\Fotos en iCloud\IMG_0032.JPG,IMG_0032.JPG,.jpg,image,1.074,2026-09-05 00:48:58,2231.0,2231.0,2018-01-12 00:05:33,-20.24807777777778,-70.13818333333334,150.0012265273437,123.3936296875,e953f69235a98c23,59.38749885589807,C:\InstagramRebuild\instagram_rebuild_mvp\data\thumbs\IMG_0032_39775471.jpg,True,,,original_or_video,2018,CL,Chile,Iquique,Tarapaca,gps
C:\InstagramRebuild\SOURCE_INSTAGRAM\Instagram_01\Fotos en iCloud\IMG_0052.JPG,IMG_0052.JPG,.jpg,image,1.078,2026-09-05 00:43:40,2833.0,2833.0,2017-02-14 14:43:16,-20.22216111111111,-70.14611944444445,39.21107337808593,106.5541875,99ed6b94299c6159,60.11765467282597,C:\InstagramRebuild\instagram_rebuild_mvp\data\thumbs\IMG_0052_35618998.jpg,True,,,original_or_video,2017,CL,Chile,Iquique,Tarapaca,gps
C:\InstagramRebuild\SOURCE_INSTAGRAM\Instagram_01\Fotos en iCloud\IMG_0084.mov,IMG_0084.mov,.mov,video,2.002,2026-09-05 00:49:30,,,2026-09-05 00:49:30,,,,,,35.0,,False,,ffprobe/ffmpeg no disponible o video no descargado: [WinError 2] El sistema no puede encontrar el archivo especificado,filesystem_fallback,2026,,,,,none
C:\InstagramRebuild\SOURCE_INSTAGRAM\Instagram_01\Fotos en iCloud\IMG_0097.mov,IMG_0097.mov,.mov,video,2.063,2026-09-05 00:46:40,,,2026-09-05 00:46:40,,,,,,35.0,,False,,ffprobe/ffmpeg no disponible o video no descargado: [WinError 2] El sistema no puede encontrar el archivo especificado,filesystem_fallback,2026,,,,,none
C:\InstagramRebuild\SOURCE_INSTAGRAM\Instagram_01\Fotos en iCloud\IMG_0137.JPG,IMG_0137.JPG,.jpg,image,0.128,2026-09-05 00:49:02,720.0,720.0,2016-12-22 14:26:03,-20.2221,-70.14446111111111,364.6797142146776,155.6035127314815,efcb72240ca6f09a,46.54702027489386,C:\InstagramRebuild\instagram_rebuild_mvp\data\thumbs\IMG_0137_69190678.jpg,True,,,original_or_video,2016,CL,Chile,Iquique,Tarapaca,gps
C:\InstagramRebuild\SOURCE_INSTAGRAM\Instagram_01\Fotos en iCloud\IMG_0148.JPG,IMG_0148.JPG,.jpg,image,0.789,2026-09-05 00:43:32,3024.0,3024.0,2018-01-12 17:58:26,-20.23485277777778,-70.14825555555556,9.045858981990804,124.817747265625,90b53f5c25aa78a6,58.20195147154833,C:\InstagramRebuild\instagram_rebuild_mvp\data\thumbs\IMG_0148_81822594.jpg,True,,,original_or_video,2018,CL,Chile,Iquique,Tarapaca,gps
C:\InstagramRebuild\SOURCE_INSTAGRAM\Instagram_01\Fotos en iCloud\IMG_0193.mov,IMG_0193.mov,.mov,video,1.398,2026-09-05 00:46:50,,,2026-09-05 00:46:50,,,,,,35.0,,False,,ffprobe/ffmpeg no disponible o video no descargado: [WinError 2] El sistema no puede encontrar el archivo especificado,filesystem_fallback,2026,,,,,none
C:\InstagramRebuild\SOURCE_INSTAGRAM\Instagram_01\Fotos en iCloud\IMG_0196.JPG,IMG_0196.JPG,.jpg,image,0.82,2026-09-05 00:46:12,2302.0,2302.0,2017-02-18 01:59:59,-33.43309444444444,-70.64010555555556,227.5162132492004,83.76135234375,8e6338bc6da66326,58.109876736426216,C:\InstagramRebuild\instagram_rebuild_mvp\data\thumbs\IMG_0196_71571107.jpg,True,,,original_or_video,2017,CL,Chile,Santiago,Santiago Metropolitan,gps
C:\InstagramRebuild\SOURCE_INSTAGRAM\Instagram_01\Fotos en iCloud\IMG_0201.JPG,IMG_0201.JPG,.jpg,image,0.224,2026-09-05 00:46:12,720.0,1280.0,2026-09-05 00:46:12,,,216.7155149362246,123.24480794270832,979220cba96de1ec,47.90891281585429,C:\InstagramRebuild\instagram_rebuild_mvp\data\thumbs\IMG_0201_37605670.jpg,True,,,filesystem_fallback,2026,,,,,none
C:\InstagramRebuild\SOURCE_INSTAGRAM\Instagram_01\Fotos en iCloud\IMG_0250.mov,IMG_0250.mov,.mov,video,1.022,2026-09-05 00:44:20,,,2026-09-05 00:44:20,,,,,,35.0,,False,,ffprobe/ffmpeg no disponible o video no descargado: [WinError 2] El sistema no puede encontrar el archivo especificado,filesystem_fallback,2026,,,,,none
C:\InstagramRebuild\SOURCE_INSTAGRAM\Instagram_01\Fotos en iCloud\IMG_0267.JPG,IMG_0267.JPG,.jpg,image,1.196,2026-09-05 00:52:14,1701.0,3024.0,2026-09-05 00:52:14,,,398.8060925138888,139.942725,a12101ec3efe9597,64.31667228521917,C:\InstagramRebuild\instagram_rebuild_mvp\data\thumbs\IMG_0267_81321142.jpg,True,,,filesystem_fallback,2026,,,,,none
C:\InstagramRebuild\SOURCE_INSTAGRAM\Instagram_01\Fotos en iCloud\IMG_0268.JPG,IMG_0268.JPG,.jpg,image,1.232,2026-09-05 00:40:36,3088.0,2317.0,2017-09-02 14:09:57,-20.221441666666664,-70.14701111111111,110.55981790258048,129.26027841382182,9bb71e88b9a44596,65.10209654987806,C:\InstagramRebuild\instagram_rebuild_mvp\data\thumbs\IMG_0268_23763773.jpg,True,,,original_or_video,2017,CL,Chile,Iquique,Tarapaca,gps
